{"epochs": 30, "logdimkeq_initial": -5.0, "logdimKf_initial": 4.0, "lr_initial": 0.0001, "lr_effective": 0.0001, "logdimKeq_guess_history": [-4.441542647942087, -3.8317396013821923, -3.6857476813436496, -3.9462345009061037, -4.1780647901870855, -4.241068878192576, -4.188181652041774, -4.11824353668711, -4.090696433797631, -4.106378507658659, -4.135838888193657, -4.155094429879528, -4.158987649491423, -4.154880889511016, -4.1515336378692655, -4.152760572863725, -4.1574687265871555, -4.162847869015719, -4.167050873826305, -4.1698874928660965, -4.1721062668589886, -4.174446654605813, -4.1771786315234785, -4.180171323721059, -4.1831779934038416, -4.1860485538786545, -4.1887739909039166, -4.1914208706671365, -4.19405250777839, -4.196692147683259], "logdimKf_guess_history": [4.390383719862642, 4.789128861280561, 4.937543471112237, 4.921260317727556, 4.880249621563337, 4.889057054559812, 4.938201851727466, 4.987093197264385, 5.013147457103425, 5.018851319942722, 5.017419373396839, 5.01932454180811, 5.027168247899802, 5.038063660541111, 5.0484184394191045, 5.056703405166473, 5.063415199633725, 5.069740497471675, 5.076456904221996, 5.083649882219526, 5.091012380161522, 5.098240548833871, 5.105225059327066, 5.112021949577296, 5.118734583143507, 5.125426153706767, 5.13210163793445, 5.138734922953864, 5.145301262957101, 5.1517923497053975], "loss_history": [4945.3323007861345, 1112.1816951872418, 202.28394588976641, 665.7694491078694, 109.5436072520066, 59.03856134729763, 99.12295549784635, 48.389344003451896, 29.448909707624146, 35.279894868238294, 31.608193309345275, 27.756872365058122, 27.785905684116152, 27.471618715079128, 26.67399568264505, 26.286303347036338, 26.00827036945848, 25.6548074727692, 25.326471327677325, 25.031102092861833, 24.735964089913658, 24.44423042129448, 24.161558029788004, 23.88489625672289, 23.613018991714732, 23.3465839634432, 23.085448816167222, 22.82923619293488, 22.57784734974297, 22.331201830152537], "grad_history_1": [-5584.573520579129, -3305.743705309381, 1589.0960324140474, 3334.8277958172534, 1015.8687949975439, -529.1105663500081, -843.8927015354695, -434.9450227926243, 74.21954787852445, 294.55625305768456, 216.19343604483575, 45.253514183717435, -57.34551231039844, -60.53369786354173, -12.938716515479616, 29.005608153348106, 40.94686226201163, 30.250655668486527, 15.134335963039382, 7.351166344981307, 8.004644729968632, 12.310007503782934, 15.617830442531947, 16.267037387483164, 15.10323583991831, 13.672256334217389, 12.901567878551836, 12.841612505895503, 13.081972296434355, 13.23821349241759], "grad_history_2": [-3903.8371986264224, -2035.5328148659755, 509.5796087728378, 904.9045830051919, 328.69119471878116, -293.1278107858427, -447.4108066941602, -243.18946953092873, -16.085870705805497, 73.23267080223295, 42.83877965530756, -26.211416842119892, -68.91121886056908, -69.73559595462996, -49.07072557338729, -31.07576308372206, -25.69311593566528, -29.69400604324693, -35.5375783134672, -38.347746223686286, -37.66008943231351, -35.469197013514474, -33.70426157020136, -33.04635003633157, -33.14188441095173, -33.352537801553794, -33.29698946052211, -32.95542905572843, -32.49697493530621, -32.07916746677556], "experimental_currents": [-3.05e-08, -5.52e-08, -1.02e-07, -2.38e-07], "optimizer_name": "sgd"}