{"epochs": 30, "logdimkeq_initial": -4.648013650104251, "logdimKf_initial": 7.492649391045022, "lr_initial": 0.0001, "lr_effective": 0.0001, "logdimKeq_guess_history": [-4.6788707222216654, -4.715020008629164, -4.741346528396653, -4.7532216295696195, -4.753430161895164, -4.747728828187321, -4.741219827954226, -4.736732969213173, -4.73491477004824, -4.73510045299471, -4.736222297227474, -4.737402952973424, -4.738181349167281, -4.738474254677471, -4.738418897562028, -4.7382120838460615, -4.738008120334694, -4.737883023059405, -4.737845708098423, -4.737868344183863, -4.737914882550057, -4.737958587587748, -4.7379870826466695, -4.737999716245287, -4.738002064630217, -4.738000744233564, -4.73800038879249, -4.738002919341951, -4.7380082869743765, -4.73801543005091], "logdimKf_guess_history": [7.4904250256361316, 7.487830656243081, 7.485969462431349, 7.485176447087978, 7.485242969956652, 7.485744790482571, 7.486307063159273, 7.4867216086304875, 7.486940669629396, 7.487012814078702, 7.4870163159175505, 7.487015540060504, 7.487044327368561, 7.4871087436409365, 7.487198709934128, 7.487299775586765, 7.487400632973276, 7.487495677099181, 7.487584263320784, 7.487668456644036, 7.487750882784042, 7.487833499806088, 7.487917222408839, 7.488002087320436, 7.488087695337735, 7.488173569281312, 7.4882593528713315, 7.488344907347241, 7.488430241515613, 7.488515431532693], "loss_history": [15.063502679046831, 7.05337898412898, 1.7692851688507683, 0.83957186315898, 1.2577036129453643, 1.2694195764241962, 0.9977945525165407, 0.8375212785277584, 0.8191521586926547, 0.8330025726223399, 0.8310558845951092, 0.8218100840059457, 0.8170414307004761, 0.816676534721255, 0.8170750359483794, 0.8169200858120123, 0.8165687946334577, 0.8163930068014161, 0.8163541421135907, 0.8163367579271703, 0.8162898698936534, 0.8162455122728693, 0.8162037362780536, 0.8161750028855099, 0.8161366566341149, 0.8161014699582367, 0.8160607782607039, 0.8160252940093601, 0.8159930277135257, 0.8159478196156831], "grad_history_1": [308.57072117413986, 207.20750348791688, 82.51876563738894, -12.881587107771528, -57.29018260939181, -58.055998706146895, -36.58333379173912, -12.32358624505988, 4.252302055944669, 10.947825289366177, 10.290027595285459, 6.19733629568208, 1.8806832088165863, -0.9629258673795639, -2.0180987053874557, -1.7913515824401727, -1.0055665338471957, -0.2311551960535672, 0.25233676662060894, 0.4129356593167283, 0.35220323472984993, 0.20435854594647765, 0.06642540075860824, -0.016139308429223488, -0.03968414380085473, -0.024945891169781555, 0.0030475725235311556, 0.027082699976324457, 0.041023576950097444, 0.04459260320889631], "grad_history_2": [22.243654088910105, 14.821866886053183, 5.640091152064833, -1.3758156249468767, -4.63030540359991, -4.685590915823257, -3.1136241374208318, -1.3340913286331435, -0.11788263301154522, 0.37386050148024014, 0.325703858047087, 0.025267764703522197, -0.29175236579646974, -0.5002261834778216, -0.577581570030598, -0.5608250604154176, -0.5032456019228367, -0.4461543265045821, -0.4106415865002197, -0.39900212450124456, -0.4032947838078294, -0.41403952042509307, -0.4241409172826279, -0.4300361022154336, -0.43175561500486553, -0.4306993492670865, -0.42846618231554084, -0.42662680899424327, -0.42556930417718497, -0.42522932893352944], "experimental_currents": [-3.05e-08, -5.52e-08, -1.02e-07, -2.38e-07], "optimizer_name": "sgd"}