{"epochs": 30, "logdimkeq_initial": -5.598675024823178, "logdimKf_initial": 6.19973201445218, "lr_initial": 0.0001, "lr_effective": 0.0001, "logdimKeq_guess_history": [-4.953508097122284, -4.457237295939745, -4.256096903390726, -4.274688783077966, -4.396180975373541, -4.52542136427686, -4.612494455285992, -4.645685625136201, -4.6388246774407405, -4.614833055804908, -4.591929270821913, -4.578567051939437, -4.575164708721592, -4.578104470855451, -4.583166132968971, -4.5874269381466855, -4.589724161587237, -4.59022475884396, -4.589700565364675, -4.588930456817344, -4.588397709051222, -4.588252561743271, -4.588421445178142, -4.588747211512373, -4.589091111065078, -4.5893766926176935, -4.58958790364416, -4.589745039612582, -4.589878808918797, -4.59001336738542], "logdimKf_guess_history": [6.2986324802318, 6.386107636545901, 6.420671739784408, 6.417482186678657, 6.396291255241819, 6.372646598373825, 6.356501201915334, 6.3511095037979075, 6.353990375039953, 6.360357464189153, 6.366334056339694, 6.370154620333746, 6.371780818647578, 6.372018818055473, 6.371786419420667, 6.371716536674914, 6.372062390894166, 6.372790299169561, 6.373735616218072, 6.374731719086807, 6.3756753017661065, 6.376534403853346, 6.377324922836998, 6.378080553061623, 6.378830983277492, 6.379592555197052, 6.380368700255249, 6.381155087137631, 6.381945171764067, 6.382733808389995], "loss_history": [2972.0689387893144, 309.490453377047, 34.35407189806303, 205.90262634775274, 183.75825127076757, 70.75014980780551, 9.722616694945234, 4.145008792333979, 9.964734032028508, 8.303570586889226, 4.2879737268183975, 2.7157612223262317, 2.7974809337585826, 2.939210692222085, 2.8192971916207075, 2.6842250860912418, 2.6439469422117527, 2.647853512335855, 2.6472785509057344, 2.638694809894938, 2.6313446403095835, 2.627344912408122, 2.6243940169548345, 2.6211361502273234, 2.617678340814233, 2.614322685547757, 2.6110866778637427, 2.607880741767837, 2.6046702960233894, 2.6014643060241807], "grad_history_1": [-6451.669277008946, -1736.8733733209165, 469.95008042250566, 1191.6207596175007, 1121.9625245195452, 684.9429275553088, 224.52896557473144, -103.45375654357166, -234.56532620564832, -205.61147788102488, -109.07974165079078, -19.103263909780495, 32.787662233918844, 46.4093374278288, 35.917810465901994, 17.299741209542074, 1.6682085169487864, -6.480144635530352, -7.744921076472545, -5.080118076874849, -1.4769349245759538, 1.2122657511086385, 2.414570888462216, 2.4132461679541275, 1.8101638558962143, 1.1363177626319676, 0.6842025015849211, 0.5153045518898046, 0.5520132200396567, 0.6767381351456673], "grad_history_2": [-989.0046577961934, -380.24923424292217, 91.73474918543783, 204.71604725004485, 195.9615488396202, 130.49191149576305, 43.230680244935115, -26.810001118188797, -55.76720300758959, -49.266535281776015, -27.93047575940458, -8.322679187816904, 2.8408368319337076, 5.750997490216921, 3.5139833875271576, -0.46316571650284055, -3.8079559212756924, -5.549811657696424, -5.81362910813393, -5.234443444790414, -4.455312449329346, -3.8731074758880397, -3.6096794003256987, -3.6037073279897247, -3.726151035563177, -3.8635681162507822, -3.9535909841775987, -3.9831435328284783, -3.9689118524531923, -3.93594312709819], "experimental_currents": [-3.05e-08, -5.52e-08, -1.02e-07, -2.38e-07], "optimizer_name": "sgd"}