{"epochs": 30, "logdimkeq_initial": -3.933950369533567, "logdimKf_initial": 5.739626916465011, "lr_initial": 0.0001, "lr_effective": 0.0001, "logdimKeq_guess_history": [-4.166803474468436, -4.3843479205356575, -4.492240887952827, -4.496208013015544, -4.4477760025372115, -4.397225603594875, -4.370020819374557, -4.367705982905947, -4.379434496843964, -4.393265331375776, -4.402240511343166, -4.405105983683056, -4.404041964685492, -4.401940778367815, -4.400717831961853, -4.400920991264596, -4.402165794761939, -4.403780072416853, -4.405256529145955, -4.4064024382352605, -4.407270139740553, -4.408010289553124, -4.408753816808896, -4.409562142203052, -4.410434087915819, -4.411337822141362, -4.412240725590096, -4.413124614985777, -4.413986772857708, -4.414833443522651], "logdimKf_guess_history": [5.689422835461711, 5.636654966454228, 5.612269847346083, 5.62006065902483, 5.644009701096902, 5.666925919063065, 5.680647623650178, 5.68532805047024, 5.684961690938886, 5.683684460962667, 5.683916402896515, 5.686139178427083, 5.689645589090207, 5.693470453296435, 5.696974916008977, 5.699980167112702, 5.702618737286433, 5.70511761917014, 5.7076474293758075, 5.7102730103101065, 5.712977080246373, 5.715709511703445, 5.718426830374557, 5.721108759522776, 5.723755855378854, 5.726378823819021, 5.72898859816636, 5.7315913072497215, 5.734187951152479, 5.736776571253667], "loss_history": [525.2670559757573, 124.006943788794, 9.465573602418374, 39.463507065330596, 39.8952850961977, 17.63095053752019, 9.001063726998003, 10.272217544877112, 10.666406520020523, 9.436695596952909, 8.741962040786794, 8.718900952440958, 8.727882569641263, 8.62795128658464, 8.539610369241124, 8.493696793062876, 8.455812582780315, 8.411974859567371, 8.367830699543017, 8.326472987257006, 8.28632092747254, 8.24623920291137, 8.206406040080884, 8.167059582034575, 8.128144673534345, 8.08958101088585, 8.051360394965167, 8.013495607232178, 7.9759818461770955, 7.93880974949158], "grad_history_1": [2328.5310493486863, 1011.1789359978709, -8.792556164413316, -499.7935864586681, -504.1557300969194, -263.3439370316992, -19.295847491496534, 112.8755564154874, 128.85932172322416, 79.66577562803221, 20.597627014841493, -16.22117643805245, -24.96755167508578, -15.691768188946178, -1.723532471233691, 8.146325057230818, 11.43223845972386, 9.918759062426725, 6.693179016444353, 4.076807247541046, 2.9474696063986086, 3.0629905992492135, 3.734523494866567, 4.365617662702414, 4.677830156887147, 4.677613691589177, 4.510363359637062, 4.324376713128776, 4.202131740907026, 4.155917289778036], "grad_history_2": [502.0408100329983, 276.6582850583349, -19.988153955967952, -199.83371232820087, -200.53636232698466, -109.41696930126878, -22.635956040321236, 21.804254734950486, 27.065729413849102, 10.940502105424445, -8.705569219582546, -21.0680456364331, -23.950228978411513, -20.716588746646963, -15.920306094288131, -12.530197474537749, -11.359446218676664, -11.795967968417353, -12.803692638145968, -13.606758314652204, -13.912794691168493, -13.803964889394683, -13.51102942574567, -13.232698126641017, -13.0613128196724, -12.994205121289486, -12.982901272553217, -12.978219096918577, -12.952893610765825, -12.90298149810183], "experimental_currents": [-3.05e-08, -5.52e-08, -1.02e-07, -2.38e-07], "optimizer_name": "sgd"}