{"epochs": 30, "logdimkeq_initial": -5.546470924890397, "logdimKf_initial": 5.827970130597727, "lr_initial": 0.0001, "lr_effective": 0.0001, "logdimKeq_guess_history": [-4.92586871668123, -4.416398344297681, -4.200856542396159, -4.218795155801137, -4.346263750404231, -4.477775944628102, -4.5605249950426785, -4.585920994804771, -4.57235979802863, -4.545263687401801, -4.522792635978879, -4.511924898375392, -4.511377027327231, -4.516355805823292, -4.522249742893257, -4.52637902955283, -4.528106342742228, -4.5280769496992885, -4.527319791641788, -4.5266412320340645, -4.526411792976921, -4.526635510694123, -4.5271319034350705, -4.52770086144709, -4.528212777003822, -4.5286253028444055, -4.528956692349059, -4.529248161238159, -4.529535868420173, -4.529838954311586], "logdimKf_guess_history": [5.967739861615207, 6.095427254927507, 6.150064859847767, 6.151612699653806, 6.127780977403846, 6.100416431415831, 6.083051080437764, 6.079399887317308, 6.085425957699708, 6.094634994425564, 6.1023303337925405, 6.106794409416832, 6.108460341243093, 6.108631349924759, 6.108534208058653, 6.108881386070097, 6.1098468270032145, 6.111265125893935, 6.112868376668933, 6.1144464036155775, 6.115902974665716, 6.117237495572165, 6.1184972971974565, 6.119734651095401, 6.120983347639458, 6.122254422280602, 6.12354314082711, 6.124838810893213, 6.1261320698378565, 6.127417975311543], "loss_history": [3082.3081500517505, 414.3942677991042, 24.94616620489556, 211.122338596969, 189.61050455353632, 66.48320890439089, 8.020884535748085, 7.602558363155429, 13.196969560408291, 9.616632713691269, 5.233966176252592, 4.133279701951215, 4.418012836573794, 4.456016047595744, 4.241209732701183, 4.106110634682964, 4.086594497404574, 4.088881788458336, 4.075665760086238, 4.058329764280282, 4.04629255805661, 4.037530050256858, 4.028722641460201, 4.019412769953112, 4.010197566504273, 4.001243747831084, 3.9924006832563608, 3.983579085339979, 3.974788738795679, 3.966048449194089], "grad_history_1": [-6206.02208209167, -1991.6926827896586, 391.93384290252743, 1257.0951435573893, 1184.9928790060462, 677.7789692232446, 169.92953302640993, -159.78525445195825, -262.5919665718637, -203.15512238760056, -89.22996109505947, 3.6778810797399237, 48.85997753581377, 52.527140201426505, 34.04547821933664, 11.823181245906076, -3.3733014038883846, -8.930496376377514, -7.424615360314297, -2.999805789729971, 1.0984074671845745, 3.3843724577365033, 3.8453388234592207, 3.207616415459225, 2.2743655072223574, 1.5656806221782895, 1.2512658436116368, 1.257741367731701, 1.4197273746452963, 1.5923230040597829], "grad_history_2": [-1397.6973101747992, -578.025278035602, 92.06091735889865, 257.70962654090476, 246.05642152979277, 154.48684863035126, 36.83077984059039, -50.31482368576668, -78.5166694262785, -61.9600153465669, -30.908210040478707, -6.164059408031408, 5.661059858840947, 6.61957231464415, 1.8264620693948765, -3.957489444972496, -7.918519273952236, -9.355784241618757, -8.941013296382234, -7.764015591447001, -6.675575768171161, -6.062353813787546, -5.925411720671361, -6.074530852986338, -6.300195950853503, -6.467263691149583, -6.531812259353686, -6.513107928489477, -6.454239115922814, -6.392760013646458], "experimental_currents": [-3.05e-08, -5.52e-08, -1.02e-07, -2.38e-07], "optimizer_name": "sgd"}