{"epochs": 30, "logdimkeq_initial": -4.3348854709175155, "logdimKf_initial": 2.3308982514337298, "lr_initial": 0.0001, "lr_effective": 0.0001, "logdimKeq_guess_history": [-3.661515264551326, -2.7525069104993323, -4.5742578060879, -4.867108510556762, -4.442484879178903, -3.6893134549134037, -3.4385982248108595, -3.888456049911684, -4.145026042508021, -4.127298438860671, -4.007881175539, -3.943871364403616, -3.9694041868358894, -4.024854281703597, -4.056150993143716, -4.055862775879494, -4.044060076316079, -4.0391672682537525, -4.044953428149564, -4.055072242379145, -4.063054626997868, -4.067252740773132, -4.0696023937319135, -4.072371910946141, -4.076332703270817, -4.080958877745861, -4.085470369645083, -4.089526252309924, -4.093246440223179, -4.096892580419935], "logdimKf_guess_history": [2.6524081307666285, 3.0439978323374177, 2.820296521858643, 3.090056294020434, 3.6245621076387327, 4.2497778300953915, 4.524765431896317, 4.515464029400395, 4.5059359644022425, 4.583013228649952, 4.683100856672239, 4.741953511047601, 4.754592640484977, 4.749760205837219, 4.75221002509908, 4.766795144185745, 4.785429200591001, 4.8004319480023545, 4.810439894504281, 4.818301477266054, 4.826853280008019, 4.836844607967024, 4.847462958330471, 4.857744433694652, 4.8673669558306445, 4.876562098542267, 4.885668029125215, 4.894834021670701, 4.904011829114189, 4.9130925393881215], "loss_history": [7410.944898588672, 1855.1615797070315, 5731.15752764261, 7224.547909858387, 7903.638878388074, 3313.4180404267295, 160.94379333304144, 1280.15123634148, 65.69036949473721, 228.48991114473662, 150.5907201169186, 46.634167842426024, 66.02268478309897, 55.00665224403468, 42.15079019922132, 43.88244291136456, 42.04182913186818, 39.82967943544951, 39.44238517385814, 38.72676471071003, 37.91985366099195, 37.35314346461665, 36.77713171234802, 36.19301110967244, 35.649287361388126, 35.1193302501063, 34.59845733774546, 34.092970474474654, 33.60015542452746, 33.1184852340501], "grad_history_1": [-6733.702063661898, -5723.232508688988, 22762.55072614564, -6180.2474332542115, -5710.489836122903, -5408.5960857657, 1258.7048203020572, 5752.154401520961, 316.41080045925213, -1460.1259994551806, -1105.5346149799634, -43.01179474548015, 575.377279999653, 426.836836515709, 35.716640062656865, -159.36572984281727, -116.58590931304151, 10.085417193811011, 82.32563926974738, 72.25734281675487, 29.2297750393244, 2.0692146590215823, 2.5059607115019693, 15.946907348370488, 25.76033717561969, 26.457783127053283, 21.984046617007415, 18.00136715229933, 16.92246580834446, 17.860462401276955], "grad_history_2": [-3215.0987933289866, -2308.347619043397, 4194.961612641692, -3816.104274011785, -3996.259275374028, -3579.6281564750952, 376.20259427403636, 1467.9520339638582, 48.773637501908894, -818.4129674678513, -615.4899589843369, -88.08840364218007, 167.8719775030572, 111.5199936644598, -48.66036585740483, -133.60209455734852, -113.41496861923655, -56.85719208725154, -25.065727962494385, -28.576095108101452, -46.210113610780525, -57.15426588022427, -56.226863839443155, -49.72300182457294, -44.817844539023156, -43.83881643625988, -45.08359227137426, -46.130272540119094, -45.94811170745468, -44.91806552188016], "experimental_currents": [-3.05e-08, -5.52e-08, -1.02e-07, -2.38e-07], "optimizer_name": "sgd"}