{"epochs": 30, "logdimkeq_initial": -6.776407874841732, "logdimKf_initial": 4.494797123213657, "lr_initial": 0.0001, "lr_effective": 0.0001, "logdimKeq_guess_history": [-6.324521714409003, -5.502826699863622, -4.472021025821488, -3.8545613859408676, -3.815299448504804, -4.1021290930514045, -4.365193903703197, -4.4872460890565495, -4.482844868180066, -4.420269426832922, -4.3611644407644, -4.333551512744889, -4.335817926276753, -4.352652727955456, -4.369364668090029, -4.378639054933549, -4.38034329734162, -4.378000244280903, -4.375282119551555, -4.374190615117097, -4.374946311768598, -4.376779521448529, -4.3787926510993715, -4.380449318045692, -4.381646672668747, -4.382546501499221, -4.383366275699635, -4.384248913922448, -4.385233065676497], "logdimKf_guess_history": [4.610655465287954, 4.867025173410032, 5.283361928225945, 5.538908975788879, 5.605388508067662, 5.575040335993129, 5.526407896624664, 5.507598715999333, 5.525639180563077, 5.559810530861959, 5.589026902599645, 5.604798211019266, 5.608980539530248, 5.607489730575525, 5.605668329349957, 5.606228226132865, 5.6093224495445355, 5.613764728474011, 5.618289420013835, 5.622210628511398, 5.625461249777251, 5.628314402402135, 5.631084330682915, 5.633958345541337, 5.636972733184695, 5.640071822268378, 5.6431806687630965, 5.646250186223607, 5.649267305780115], "loss_history": [13381.5155997362, 10820.23957616074, 4840.124131598628, 131.27579472151135, 612.6980085016914, 767.2920304575701, 160.38827502267532, 12.550051828257644, 61.29190596315283, 53.78055316378199, 19.891137087564353, 10.342780730770645, 13.03430263961949, 12.826579252844528, 10.772398992098855, 10.006401832704274, 10.087893207519745, 10.051780267201817, 9.880791627437292, 9.77380394222526, 9.724565001883457, 9.673226629977105, 9.613155483088066, 9.556346518463045, 9.503839316908614, 9.452060490556491, 9.400211990333974, 9.348970021326455, 9.298484957187494], "grad_history_1": [-4518.861604327292, -5957.519343290166, -6199.581667694437, -1020.5680285955304, 2694.678825042464, 3064.606132646326, 1196.4998837849241, -94.80219972543698, -654.2731355316037, -603.7483090890164, -278.17265394950425, 19.395650147502643, 160.7287754161924, 157.01594912770977, 82.94539295221361, 9.184167762338364, -29.329510136893756, -31.95174264752243, -15.465981989895567, 2.6755793021676153, 13.014488687295371, 14.553613541803465, 10.965248108770695, 6.5010212089903705, 3.690211498959868, 3.011515189457541, 3.698597851772927, 4.727511226061183, 5.4283264264157225], "grad_history_2": [-1158.5834207429737, -1984.405370849293, -2881.519007548741, -473.78670154977755, 612.9399150268443, 635.8793821392443, 334.5835333119825, -55.070390589018956, -274.45054876409466, -251.51118017010282, -121.30696588244965, -11.631225507775097, 37.03325698827988, 35.81973210214011, 10.759967482064534, -14.70597395692065, -28.142750202163764, -28.95167223639727, -23.035520750869114, -16.58862727650806, -12.900170170713125, -12.27841991957834, -13.43351968338083, -14.890507180309395, -15.773802141482719, -15.918952620027602, -15.593019528776432, -15.150942131513606, -14.823608262522232], "experimental_currents": [-3.05e-08, -5.52e-08, -1.02e-07, -2.38e-07], "optimizer_name": "sgd"}