{"epochs": 30, "logdimkeq_initial": -3.7942244262553566, "logdimKf_initial": 4.23780210001297, "lr_initial": 0.0001, "lr_effective": 0.0001, "logdimKeq_guess_history": [-3.8077863919867485, -3.8177156437569333, -3.8217033893490417, -3.8259893495958446, -3.833756095948264, -3.843045444817949, -3.8513231855474213, -3.858330428224869, -3.865135774877808, -3.872354973495984, -3.8797629698010128, -3.8869486165961264, -3.89381324074154, -3.9005062799453687, -3.9071562228672283, -3.91376179647645, -3.920262227842295, -3.9266265639841, -3.932868988515012, -3.939014815329152, -3.9450739911304433, -3.951042104650394, -3.9569136094592143, -3.962689150894602, -3.9683736364678723, -3.973971563648576, -3.9794850714986456, -3.984914965166688, -3.9902622951618967, -3.9955288742698802], "logdimKf_guess_history": [4.243293675720504, 4.255874693797986, 4.273632554758813, 4.292385543648882, 4.310011387980132, 4.326978707471347, 4.344196383784477, 4.361687909983637, 4.3789494016844746, 4.3956977938987665, 4.412027311895869, 4.428119347606705, 4.444022655854703, 4.459679428794147, 4.475041492821372, 4.490117310169681, 4.5049412144471095, 4.519534409693014, 4.533898237431333, 4.548028969945075, 4.561929352786585, 4.575608166233942, 4.5890744661384755, 4.6023343953310105, 4.615392033531967, 4.6282514394868395, 4.640917505673876, 4.653395518621639, 4.665690477466828, 4.677806875964688], "loss_history": [87.56541824075185, 86.01437606171143, 84.5671055231251, 82.64622668682637, 80.77752355124673, 78.90357741390417, 77.05115027732501, 75.2655253506872, 73.52774767884972, 71.84997828178209, 70.22915054274463, 68.66274900064852, 67.15010353565121, 65.6884377119859, 64.275834214139, 62.9102756573591, 61.58970705111196, 60.31227336626688, 59.076156786797306, 57.879630044373044, 56.72105751838717, 55.598876186575595, 54.511601473166394, 53.45782046514303, 52.43618796148275, 51.44542349485969, 50.48430756123443, 49.5516787094934, 48.64643001071262, 47.76750657628084], "grad_history_1": [135.61965731391788, 31.482689044886786, -9.76880292983661, 22.92087450748325, 56.237662290183835, 54.05975693475238, 36.330662946293735, 28.683723127118924, 33.01725314215112, 38.16525291706043, 37.98396995941074, 34.81648642599397, 32.71800747856581, 32.60727131122373, 33.03423319945144, 32.80602148292159, 31.9764456123356, 31.141204588830263, 30.60256460009464, 30.24614548683978, 29.862623942213233, 29.38525619305066, 28.874480488450466, 28.397890309774173, 27.967148555764805, 27.556843940686125, 27.145442597176782, 26.731397430079067, 26.323831611870844, 25.929141103791338], "grad_history_2": [-54.915757075338256, -98.35230223714835, -114.67351922086267, -98.74058409655316, -82.49349886215583, -81.54397325589707, -87.34016567522747, -88.82688042594067, -85.15728601258228, -81.1764636387292, -79.55321889956932, -79.2727671228403, -78.57290392580921, -77.05118815444182, -75.33677557503258, -73.94785334696472, -72.85995603274337, -71.81243107189557, -70.6723011536728, -69.48818644582514, -68.350165846386, -67.28622026602129, -66.26893180854775, -65.26779240268128, -64.27673604689606, -63.3058685439394, -62.36363209600361, -61.449798542440895, -60.55952371308781, -59.689190752640414], "experimental_currents": [-3.05e-08, -5.52e-08, -1.02e-07, -2.38e-07], "optimizer_name": "sgd"}