{"epochs": 30, "logdimkeq_initial": -3.401622290527087, "logdimKf_initial": 5.274788966386571, "lr_initial": 0.0001, "lr_effective": 0.0001, "logdimKeq_guess_history": [-4.187664422955413, -4.587062478961457, -4.588610032054424, -4.407485737421531, -4.2455912965951, -4.186100521632508, -4.21345333529125, -4.271559520063244, -4.315828179110408, -4.331382861669571, -4.325637219103119, -4.313218633539651, -4.304800908904983, -4.303590683477825, -4.307432806173801, -4.312628812169682, -4.316628033205039, -4.318765938881496, -4.319657692759243, -4.320240081494309, -4.321131250344297, -4.322475707619618, -4.324109014556789, -4.325796841826821, -4.327389105027747, -4.328853700288791, -4.330233490633821, -4.331587073649826, -4.332951431293289, -4.334334278211529], "logdimKf_guess_history": [5.153530845550201, 5.0940357086623465, 5.165047740047502, 5.290261593895757, 5.3860427862553975, 5.428590078839199, 5.432504370868448, 5.421209643370755, 5.412403308248499, 5.412974426275941, 5.4209079395324835, 5.430942368335682, 5.439191395576907, 5.444573234268736, 5.447968637863736, 5.450791352153245, 5.454009871902869, 5.4578820973049105, 5.4621833510602125, 5.466566726508988, 5.470803811759508, 5.474842283137274, 5.478744075612822, 5.482596558660998, 5.486455633352276, 5.490333475645537, 5.494214580488748, 5.4980776823999555, 5.501909503578311, 5.505707533168124], "loss_history": [2586.5995326444904, 22.398805621375065, 441.47938417625136, 376.83679424662387, 72.54711273304113, 19.653962478115293, 47.88693962546058, 34.608075776583824, 16.389275581449454, 14.567428712974593, 16.095425142093028, 14.888901306204028, 13.693286820708853, 13.541774444586807, 13.534075207788408, 13.354677157979895, 13.191836502031645, 13.09556396121091, 13.006373922736914, 12.907675395365995, 12.811772711731557, 12.72108961073153, 12.631806129311201, 12.543017806824468, 12.455490265180218, 12.369322344658789, 12.284252375895605, 12.20020970132881, 12.117225376466816, 12.03528809430748], "grad_history_1": [7860.4213242832575, 63.7698979188105, -1981.5147491005434, -1818.9807117937648, -713.322935099856, 214.56445450623661, 570.982011400391, 444.29777942621985, 152.15566661167773, -65.79646964419136, -135.22983846033438, -95.45764280242634, -22.08431852934369, 29.986368901770245, 44.472354095547594, 32.749446478929514, 14.012180374167981, 1.3829515877812664, -1.771989604810023, 1.3651179619240188, 5.999744824544763, 8.988728503277908, 9.610782995099097, 8.711738014469468, 7.483495659095038, 6.684636605815783, 6.474927145079409, 6.636878434889167, 6.8756613546091465, 7.006680965084966], "grad_history_2": [1212.5812083636963, -11.339235303295542, -1007.5959982908286, -897.0783815567747, -331.74265435513166, 53.43303596019039, 173.59354262651712, 132.51873512316956, 31.589713734097568, -49.742855885701616, -76.47954242821694, -60.67672174926668, -32.31812839626234, -12.57325071215686, -7.044842490866076, -11.25012492007741, -18.07162604870443, -22.62965527228749, -23.651410542811966, -22.327485711249786, -20.453975261316586, -19.19928752506622, -18.82556786664572, -19.015868104027597, -19.328331671887163, -19.483049476228114, -19.42183696580458, -19.225494896016738, -19.002702227518025, -18.821190006357448], "experimental_currents": [-3.05e-08, -5.52e-08, -1.02e-07, -2.38e-07], "optimizer_name": "sgd"}