{"epochs": 30, "logdimkeq_initial": -3.827989436333907, "logdimKf_initial": 2.1540890155660746, "lr_initial": 0.0001, "lr_effective": 0.0001, "logdimKeq_guess_history": [-3.07553505665136, -2.9618558273162208, -3.640120343504358, -3.3432857452860394, -2.9518961511685182, -3.7544576278980832, -3.542325041004005, -3.0648719299530174, -3.648529906064587, -3.5564024091888027, -3.2972224101271457, -3.500179094335812, -3.562269178133248, -3.4880486470574534, -3.4941369977456946, -3.5545425599568374, -3.5648495275475365, -3.5549967666510467, -3.570379263184878, -3.593453126036559, -3.603761579321759, -3.6101773292575245, -3.6224143261548405, -3.636500335488627, -3.6476400354619654, -3.657378698231284, -3.668139197846216, -3.6794712947093315, -3.6901589290306087, -3.700224027752341], "logdimKf_guess_history": [2.4207355773864414, 2.5143551880401387, 2.4216807151840314, 2.6081038466071007, 2.7947618580196365, 2.6817977492193186, 2.8857287405378296, 3.143894512274733, 3.0821607561864988, 3.2275502103848766, 3.403476606564247, 3.406313553272331, 3.442350993075895, 3.5212429218660395, 3.5636838762695593, 3.582215533610533, 3.6175997343245303, 3.659203334139579, 3.6897793092335704, 3.7163736764762496, 3.747193039921643, 3.7788060285320078, 3.8073704326562408, 3.83450172023462, 3.8621596108745826, 3.8897348492471204, 3.9162495372594948, 3.941899659708666, 3.9671994657274983, 3.992153423027137], "loss_history": [4267.57042384692, 550.4672093474551, 1188.8423270262476, 2262.3241947735287, 548.2046675447303, 1759.281693810674, 2335.116363910198, 826.1949761060138, 1429.1890850114137, 901.2913433860872, 418.73053766958554, 492.6511808262825, 223.01879691429073, 251.1984631549392, 201.65833586246453, 198.53240836793614, 185.54947673436803, 178.49573264489294, 171.75354742362924, 165.7874118866585, 160.3366966341597, 155.13758158690558, 150.2299525276876, 145.5329138131891, 141.02955237980962, 136.71934606903665, 132.5792921504392, 128.61186040330978, 124.80095036644548, 121.14584810492616], "grad_history_1": [-7524.543796825468, 2625.4796050613418, 7351.041308557065, -6359.66856312387, -2429.72295008362, 9982.562737883258, -6134.133252588609, -3713.8681760394848, 8223.845316370633, -3839.564849315687, -2131.16250623765, 3325.466837394949, -393.882583068976, -1052.6557297451213, 431.9861622613849, 573.613868670221, -198.95813514872364, -150.06244691839305, 203.08876982076106, 153.82614584765605, -12.284781406407133, 12.615232931654964, 90.2912192943341, 79.67510885128364, 40.96695306445258, 41.68812782649389, 58.911682302728465, 59.518470556495096, 50.21585889719177, 47.21281561093694], "grad_history_2": [-2666.4656182036692, 397.03670256486373, 1394.8427818295604, -2327.6036785112315, -934.4644570100118, 2062.9311450658583, -2604.1304571866985, -1562.002760776478, 1908.1664195668584, -1762.563322424951, -1032.316690801818, 851.2625138160156, -346.18966449522236, -608.7320888836209, -29.949900084476724, 26.88819860786467, -261.18372043510976, -239.11499458049593, -97.74175186467481, -113.06379695683385, -175.22179824054032, -162.03306887667839, -127.57909819050846, -128.49085516262704, -140.9224685077296, -137.4629305255644, -127.27068826105297, -123.92778442984331, -124.74744794246207, -123.04054290222632], "experimental_currents": [-3.05e-08, -5.52e-08, -1.02e-07, -2.38e-07], "optimizer_name": "sgd"}