{"epochs": 30, "logdimkeq_initial": -6.676155556166602, "logdimKf_initial": 4.886988524275417, "lr_initial": 0.0001, "lr_effective": 0.0001, "logdimKeq_guess_history": [-6.124436059479299, -5.144177550879141, -4.2161536850253, -3.815809395235519, -3.930779010070141, -4.221760492317481, -4.441721206739045, -4.526280090222407, -4.5056715276752515, -4.444279621105805, -4.392666078753446, -4.370631948138547, -4.374113310772136, -4.3892876280138635, -4.403858111754733, -4.411924082021141, -4.413486903951331, -4.411506681835059, -4.409071454513644, -4.407924029973882, -4.408343404300363, -4.409753187431659, -4.411413213368842, -4.412838000552163, -4.413889455000561, -4.414665398423266, -4.415337047850337, -4.416034777872713, -4.416809701037458, -4.417650348363743], "logdimKf_guess_history": [4.996440315650331, 5.253616842048362, 5.572427997081467, 5.713099652567923, 5.723038921407518, 5.677234843028438, 5.633281543931958, 5.621996073091667, 5.641098959250165, 5.6706981873371785, 5.694324302962113, 5.706413228163029, 5.709218394774911, 5.707722550173797, 5.706169024826513, 5.7066329496754475, 5.709186808736403, 5.7128750426479, 5.716680796248269, 5.720032500996177, 5.722844089473524, 5.725310642920077, 5.727679197168064, 5.730111270966097, 5.732652945290818, 5.735272127520718, 5.737912485687899, 5.7405312274963265, 5.743111703353218, 5.74565783492527], "loss_history": [12434.778427796347, 8733.57710396319, 1949.9821763266675, 55.7816930305734, 832.516377867294, 524.2867995684353, 72.83364518598546, 17.224531919801812, 56.49595878590283, 40.47968289277973, 14.169948156844187, 8.698588341287056, 10.89305515582609, 10.49293818253421, 8.916255392784784, 8.35401184438205, 8.413901906173898, 8.394343706356185, 8.272068886849356, 8.190454394906428, 8.153250542177993, 8.117774583905502, 8.075498915417201, 8.034411630361278, 7.996464937196286, 7.959385313181627, 7.92222794881917, 7.885349143223492, 7.848953257157088, 7.812942467447808], "grad_history_1": [-5517.194966873035, -7043.987602565059, -4378.946115537629, 636.6764313714009, 3151.41759729512, 2334.966748300287, 744.6997329789408, -254.2147372741995, -628.8800428883638, -510.8762529586853, -209.17589067635836, 37.72640561280695, 144.98427941039176, 134.3363592493265, 69.83325120006162, 7.807283959725368, -24.701632030131286, -27.616330813682353, -14.45116263278321, 0.7018912094613455, 9.930865963617736, 12.000959680548345, 9.551343715351644, 5.947742147286304, 3.3906085673867286, 2.502161985061395, 2.836777157177042, 3.619053088407883, 4.260581535569441, 4.531857439128564], "grad_history_2": [-1094.5179137491393, -2024.5063071057332, -1902.2289183409052, 187.33922030097023, 603.9655890363271, 507.73712798877943, 210.51259906938782, -106.91178707947878, -247.45621578643642, -200.4778500776421, -88.26501581428339, -2.7586738844918917, 32.39295988576227, 28.984279070553335, 8.05603046726628, -12.406875225757732, -23.21896636488181, -24.113043810191698, -19.61636644621277, -14.4882794772244, -11.357361033937071, -10.607592078792832, -11.35277524711561, -12.477966740384815, -13.256374257048225, -13.483450675396389, -13.307670522311764, -12.985627248363244, -12.711049526784441, -12.558936436055605], "experimental_currents": [-3.05e-08, -5.52e-08, -1.02e-07, -2.38e-07], "optimizer_name": "sgd"}