{"epochs": 30, "logdimkeq_initial": -6.529362437132143, "logdimKf_initial": 4.236473058308438, "lr_initial": 0.0001, "lr_effective": 0.0001, "logdimKeq_guess_history": [-6.061019093737021, -5.230372289224895, -4.275393166988281, -3.7781734183184885, -3.855521745529729, -4.1630982862926444, -4.396705796892178, -4.479972490029011, -4.450654390309927, -4.382820417757975, -4.331320066224315, -4.3145597268725915, -4.3243193022304895, -4.343340313188039, -4.358417315955081, -4.364844730028504, -4.36445392840296, -4.361452057290295, -4.359191639961462, -4.3589768809562575, -4.360462799805194, -4.362651383631789, -4.364701829585254, -4.3662571450061485, -4.367373231160155, -4.368284854549537, -4.369203287083359, -4.370226931826179, -4.371350956633448, -4.372521471334065], "logdimKf_guess_history": [4.412965711051334, 4.770048124177615, 5.240826214019026, 5.487482734262786, 5.5404366644602865, 5.505746686246945, 5.464600063188704, 5.459160253147541, 5.486900429255047, 5.523535164917605, 5.550388983403612, 5.5626099791981245, 5.564349012946933, 5.562208184368799, 5.561102936017767, 5.56287896911064, 5.56697992172566, 5.571942550413054, 5.5765904654179295, 5.580474125476454, 5.583725442530083, 5.586702735581751, 5.589705740505613, 5.59286180066317, 5.596151770945784, 5.599493189423358, 5.602811944965105, 5.606073743866051, 5.609280574784811, 5.61245158583444], "loss_history": [12615.981271347053, 9707.281828864569, 3542.496289782776, 22.982939085174436, 805.7270113486662, 611.0482702486079, 79.62589194500934, 25.61426454597189, 70.34860459332951, 44.78883471615315, 15.13704521342008, 11.96443987627921, 14.580283338298077, 13.069399776509673, 11.16310860100631, 10.840187105327427, 10.942559042921209, 10.804448542071123, 10.624959562460866, 10.540160530069336, 10.48714724636864, 10.421307971664008, 10.352361039051912, 10.289542093933747, 10.229663061111225, 10.16973455228661, 10.110138429778273, 10.051485119326381, 9.993627567335471, 9.936363201532242], "grad_history_1": [-4683.433433951223, -5964.751328145645, -5396.5571998055075, -197.30187551485756, 3259.5820154613675, 2689.0237715729486, 798.1924021807586, -335.37062162933336, -709.5144628750096, -531.7492269240976, -175.83365257684133, 89.89836415107031, 181.3974503375976, 141.4122327860004, 55.66497288267997, -11.110873100982747, -36.04508662255296, -28.064702998934266, -7.594817725010921, 9.154496592130961, 15.932983515384757, 14.456244021268603, 9.561540401669335, 5.300924441622469, 3.384284435592537, 3.535803123791605, 4.626208391304898, 5.644284759093152, 6.122024358591551, 6.0850229698285565], "grad_history_2": [-1764.926527428959, -2688.360867548327, -2922.368832782708, -112.67475323054445, 703.7432992437895, 611.6694331209236, 238.016339515703, -151.33501487958023, -304.6008112808732, -227.64647608804432, -85.36450654728235, 12.059134484903323, 43.71464148447788, 30.10345452538651, 0.3483406196458597, -23.286572683891603, -32.12936068583249, -29.12152379883885, -21.66600661178984, -15.597025560864688, -13.09487024366662, -13.516345248532472, -15.143583980277686, -16.545576956260355, -17.119402038363543, -16.964333362657896, -16.480463029609975, -16.02421130071469, -15.759314682877637, -15.675955902483118], "experimental_currents": [-3.05e-08, -5.52e-08, -1.02e-07, -2.38e-07], "optimizer_name": "sgd"}