{"epochs": 30, "logdimkeq_initial": -4.563211767703027, "logdimKf_initial": 6.043762649646751, "lr_initial": 0.0001, "lr_effective": 0.0001, "logdimKeq_guess_history": [-4.541985199131348, -4.519103600190887, -4.504942256006815, -4.501047995717605, -4.504013562858634, -4.509363096036185, -4.5138929518995905, -4.516330270486131, -4.516886677407165, -4.516432001530166, -4.515811443925199, -4.515514028857529, -4.515652238727663, -4.516104964826788, -4.51668361814238, -4.5172423703672875, -4.517715859606922, -4.518105426870415, -4.518445197308036, -4.518771853547617, -4.519108503817294, -4.519462134574738, -4.519828843722908, -4.520200879905795, -4.5205716976683945, -4.520938013740417, -4.521299491317822, -4.52165741327302, -4.522013353585837, -4.522368395855748], "logdimKf_guess_history": [6.050437192817333, 6.057925935665569, 6.063184651868264, 6.065727137451833, 6.066447966366034, 6.066536684039761, 6.066847519211374, 6.067720538794057, 6.069097634178274, 6.0707435327658485, 6.0724300636658946, 6.07402555859256, 6.0754999225035355, 6.076885815695259, 6.078233902491016, 6.079583295426839, 6.080951504768487, 6.082338168930494, 6.083734177179089, 6.085129752380971, 6.086518746738138, 6.08789932489896, 6.089272546263798, 6.090640494306725, 6.092004930933585, 6.093366742491151, 6.094726037735315, 6.096082494484962, 6.097435714409763, 6.098785430030269], "loss_history": [10.396666667708512, 6.483254893822246, 4.559488236409923, 4.555694617986109, 4.721521317590575, 4.594302353026942, 4.441240789346358, 4.3937793884381815, 4.392510122925464, 4.383323585788258, 4.365779203759681, 4.350974340405204, 4.340021090911742, 4.329788580883168, 4.319087232907147, 4.308320599737437, 4.29779098818674, 4.287418221550058, 4.277094502534748, 4.266808459109812, 4.256578851964961, 4.24640988875901, 4.236296161792872, 4.226234188105256, 4.216226404026784, 4.206268583845192, 4.19636490323029, 4.186511561690247, 4.176708641074282, 4.1669581367624655], "grad_history_1": [-212.26568571678666, -122.68314654622327, -27.20544713840963, 31.864118028263537, 49.12697285633586, 38.66749607036153, 18.55089274630867, 1.7239065483732179, -6.622523722363399, -7.328793375158814, -3.932196664675272, 0.128637348137179, 2.8691740396806775, 3.836211640586882, 3.522902660302954, 2.6942556711066876, 1.941131271800836, 1.5282264367662186, 1.449868058747609, 1.567710207696857, 1.7332214988681767, 1.853056226057061, 1.8989376944803604, 1.8868160880203957, 1.8479967115588305, 1.809071907224991, 1.7831954139432555, 1.7718316649530226, 1.7697933521859768, 1.7707211350234835], "grad_history_2": [-66.74543170582808, -41.51471262943927, -15.143447785775024, 0.8687251777880123, 5.504138775840086, 2.716967833724991, -2.6647633474948935, -7.176019968758799, -9.405855928753695, -9.573508954665776, -8.63581606258248, -7.522294766433918, -6.766164476420695, -6.487112362355561, -6.5514019989563375, -6.75349537944029, -6.935128737370703, -7.025594911819156, -7.02676167592414, -6.975710775843168, -6.9120675622610195, -6.860809822391017, -6.829322844264802, -6.813373605082561, -6.804626053963237, -6.795932441366828, -6.783894653807945, -6.768091275652299, -6.7499154997770825, -6.731056581050927], "experimental_currents": [-3.05e-08, -5.52e-08, -1.02e-07, -2.38e-07], "optimizer_name": "sgd"}