{"epochs": 30, "logdimkeq_initial": -5.866096578500976, "logdimKf_initial": 3.103033913526308, "lr_initial": 0.0001, "lr_effective": 0.0001, "logdimKeq_guess_history": [-5.492543242922975, -4.815835806648079, -3.9267600064727537, -3.4830064621081562, -3.8410147132989816, -4.190814815326084, -4.292489845593808, -4.2221814972265115, -4.122156220623937, -4.0798137127910605, -4.099451500291826, -4.140126773349928, -4.1672206543739945, -4.172478802541597, -4.165700206748818, -4.159309553435042, -4.15916871128348, -4.164159184686327, -4.170427219503966, -4.175226896034371, -4.178097268556671, -4.1799950732532, -4.1819802685866705, -4.1845049022313585, -4.187440669437346, -4.190452138223185, -4.1933083758113945, -4.1959719912494595, -4.198524388044553, -4.201056486539358], "logdimKf_guess_history": [3.377407026848818, 3.876288317700778, 4.512936517582661, 4.83937361133693, 4.869646669061718, 4.830745645729004, 4.8510408656318535, 4.925709392256865, 4.997671008832375, 5.035095945419923, 5.042082392858951, 5.037598110847513, 5.0369448227299465, 5.044471787923273, 5.05651225096904, 5.068035918874983, 5.076728601690487, 5.083137410551247, 5.088893798402402, 5.095152909774528, 5.102117481494501, 5.109398081022407, 5.116560724532306, 5.123422193217913, 5.1300377253602445, 5.136546910179803, 5.143045903529426, 5.149551257895657, 5.156030829550646, 5.162448626260596], "loss_history": [12590.516175251028, 10098.251671906706, 4406.256592435441, 59.574327985504695, 1465.2062057805765, 229.30987196405766, 84.13814803763606, 172.72217825283337, 70.50175095197034, 28.992215168549734, 41.19817224461495, 34.85392158470499, 27.090681123535774, 27.33733537618697, 27.195533482432687, 25.946125122214198, 25.462534039142948, 25.251325022207627, 24.883060955809675, 24.54193372346309, 24.264860357397463, 23.985654980990752, 23.70495189454025, 23.43585111000806, 23.17359608346723, 22.915133312101233, 22.66177095082312, 22.413614730799996, 22.17004271665118, 21.930934215975512], "grad_history_1": [-3735.5333557800136, -4899.30768485895, -5507.220820378771, 7.843557230648825, 5798.85023373124, 1707.9597643168893, -732.2502074582655, -1211.4586350115892, -648.7110241892602, 76.70130468410393, 408.090414172038, 308.5637930771921, 67.5624449501598, -82.88792344431424, -94.07669876579413, -30.013554173870027, 30.544845053258513, 50.60894478627886, 37.72798116215255, 16.656591215847765, 4.705342570987869, 4.626184353780868, 10.362929852061077, 15.320359779528852, 16.734503836434783, 15.435851828454563, 13.505031952890477, 12.354966439610815, 12.205890760603019, 12.559000972579796], "grad_history_2": [-2743.731133225103, -3616.947341907045, -3872.0755445590307, -81.12993813327346, 1329.4548915234573, 540.3755219510915, -397.45731569206924, -645.2091667358605, -346.2735326300494, -14.441282997925901, 117.26020854745823, 79.77505730951641, -15.888528881520589, -78.53609252109463, -82.76980449103506, -55.03436383059859, -29.308488625323694, -20.624674530081364, -25.519834207748072, -33.809174465489754, -38.35016033909152, -37.98313667920394, -35.2234374594535, -32.801469306581524, -31.847977995269943, -32.01418748393059, -32.44400939844101, -32.55857691418731, -32.26894471874553, -31.780108824546268], "experimental_currents": [-3.05e-08, -5.52e-08, -1.02e-07, -2.38e-07], "optimizer_name": "sgd"}