{"epochs": 30, "logdimkeq_initial": -5.555025413090217, "logdimKf_initial": 2.192300658523103, "lr_initial": 0.0001, "lr_effective": 0.0001, "logdimKeq_guess_history": [-5.24216973186078, -4.67199035568982, -3.7899753058723293, -2.959525423464088, -4.219224955023686, -4.386953467682053, -4.024287627309487, -3.7167298693527586, -3.7860003957590163, -3.9941442499518796, -4.098906522002509, -4.08303076323094, -4.027570255311691, -4.001087078591847, -4.014833743257532, -4.0421026609772035, -4.0589880222273305, -4.06156615956186, -4.058505297430714, -4.058198990299338, -4.062689073159694, -4.0693747301641725, -4.075306569793062, -4.079536299920908, -4.082788923642395, -4.086087497351627, -4.089866976118359, -4.0939629605691845, -4.0980342583599025, -4.10189492650764], "logdimKf_guess_history": [2.39495515862369, 2.764422289034882, 3.323054585624077, 3.8000570985073874, 3.703583161553704, 3.940731828652205, 4.347553881834011, 4.6224467332835575, 4.69003205541051, 4.6683058986055554, 4.664209804692115, 4.701026099906085, 4.747836186618224, 4.7771178278560065, 4.786696003819363, 4.7890392474324655, 4.794911224790837, 4.806424784440174, 4.820012255006179, 4.832137924837284, 4.8419912987498375, 4.850723344932295, 4.8596159377591865, 4.869087418755727, 4.878834055125018, 4.888422498080995, 4.897670965643377, 4.90665328037798, 4.915518016866916, 4.924347112978295], "loss_history": [13749.231778443527, 12140.253139249413, 8029.952289692788, 998.1973450535643, 4553.072656421344, 1928.755598271952, 2008.8371441621666, 185.37442036247282, 320.1402998321871, 225.522106062256, 47.537267443233254, 84.6010807179007, 63.04578542824102, 42.18870138883628, 45.816435859667834, 42.92076099493151, 39.68391569404098, 39.51773202879612, 38.70489811913085, 37.76355470056481, 37.21977419981049, 36.641616202993674, 36.04293063946009, 35.50399555048136, 34.977926592455475, 34.45826469229834, 33.95596642606945, 33.466521819821395, 32.98775112477975, 32.520682875714144], "grad_history_1": [-3128.5568122943687, -4137.515355562411, -5969.253617320107, -3894.4235749949594, 16749.24472763719, -4621.212531214323, -4465.300967017493, -1262.248377704455, 2230.4940538462192, 1735.0859098973444, 6.903449541977315, -682.5689479688394, -475.2262853346448, 12.470772397805447, 269.88253025607236, 203.95585386828813, 32.5090239029128, -58.64543290534013, -43.499307984107126, 12.241239341965905, 46.43236426044953, 44.40615574300367, 25.890111266500266, 12.638103134014155, 11.37758657564169, 16.722618484874204, 21.30191912116897, 22.062450674592768, 20.233055653052794, 18.250192523785017], "grad_history_2": [-2026.545001005872, -2681.3988036089813, -3738.9873138359912, -1976.8636458871276, 3349.7519339533883, -2853.8563557534317, -2882.477196325553, -714.8182485864352, 698.6110359781997, 555.188178684317, -67.66984489037127, -388.6434217068976, -284.0193910515427, -58.76597881712601, 50.62644655534814, 24.458443685755903, -47.00355551820891, -85.77570970150406, -78.30690741336646, -53.3193454810257, -37.905389970000954, -38.053592261812, -45.2656973566298, -50.2518458309462, -50.108958710201506, -47.15124771332445, -44.542460843924864, -43.580809534122196, -43.735791216349234, -43.9672786691063], "experimental_currents": [-3.05e-08, -5.52e-08, -1.02e-07, -2.38e-07], "optimizer_name": "sgd"}