{"epochs": 30, "logdimkeq_initial": -5.417872549646005, "logdimKf_initial": 3.9846451523890263, "lr_initial": 0.0001, "lr_effective": 0.0001, "logdimKeq_guess_history": [-4.846058310924798, -4.081469865327151, -3.7010868428802257, -3.863720927378514, -4.158774857377436, -4.323966595746345, -4.3354064339753755, -4.269895595875521, -4.207928029861464, -4.186604878787775, -4.2001958456828, -4.224986441412009, -4.242540107263836, -4.247831192821634, -4.245325857016802, -4.241643929663979, -4.240720641040769, -4.2429280885911345, -4.246661500008684, -4.250247320751532, -4.252924343683737, -4.254812319360074, -4.2564008819901975, -4.258089681468286, -4.260011205457438, -4.262091968941423, -4.264197230804735, -4.266236512197659, -4.26819131002573, -4.27008913641533], "logdimKf_guess_history": [4.3717193022743475, 4.876650691903787, 5.133745699265328, 5.174777319998012, 5.134328593925417, 5.110872568130472, 5.1346657068189385, 5.181814623516744, 5.221128143168289, 5.240322065448742, 5.243836633388486, 5.2418510196773855, 5.242065672056353, 5.2468021338632544, 5.2544413333439595, 5.262403799381103, 5.2691640095064365, 5.274604582231928, 5.279376353286669, 5.284148102443427, 5.289224626338373, 5.294561025772061, 5.299965669429854, 5.305282399177387, 5.310460234518292, 5.315528926919103, 5.3205420059639055, 5.3255355064494045, 5.330517249416582, 5.335477088790898], "loss_history": [7386.620704442763, 2816.2644002108127, 34.583909969129905, 788.2498312785197, 363.6594990793318, 25.66115370548371, 74.70849288584694, 74.43316383268781, 29.586083430321956, 20.554283459756572, 24.802060880511263, 22.10475278975661, 19.21401908524686, 19.06249400032123, 19.05655556936716, 18.60216964390707, 18.298962471929627, 18.15200472882836, 17.981664240773966, 17.794621455123924, 17.626833140947802, 17.468324536739765, 17.309380858032704, 17.152562392413145, 16.999439508956122, 16.84890475869134, 16.700508184320547, 16.55444621875307, 16.410713753498065, 16.269181108049075], "grad_history_1": [-5718.142387212066, -4786.813262370441, 19.112003518989074, 3528.2559572175032, 2137.3688774977777, 176.64773369448199, -711.5603095542389, -712.307572143691, -292.1214696413042, 96.60631933339658, 242.5254243186936, 179.95112281696353, 51.58367987223329, -34.85747368115701, -51.508785837313674, -24.292594504066546, 9.176750532016785, 26.690918619700945, 26.296876423669136, 17.19115034072919, 8.841125607806143, 5.494642102348762, 6.445747919549923, 8.945181630272696, 10.771242501074328, 11.200014894087534, 10.648801213191408, 9.86650461267885, 9.351571316099689, 9.204274755639407], "grad_history_2": [-3870.741498853211, -3113.943146867798, -46.29312546820626, 875.1588294808657, 609.6453643893655, 32.31662758647485, -355.21151585939265, -352.52347353572276, -157.39061302642173, 4.628375453188656, 60.82393200483589, 37.42897680971855, -12.074592345172254, -46.29135617418091, -52.70968577254351, -41.428662967904714, -27.78977106762122, -20.60467662824111, -20.514846919963958, -23.858636293867153, -26.906493165675577, -27.98137486214522, -27.364439409497326, -26.14407918636129, -25.194704671384525, -24.797747303582785, -24.787328443973802, -24.86960963097672, -24.849927244281886, -24.689678907276626], "experimental_currents": [-3.05e-08, -5.52e-08, -1.02e-07, -2.38e-07], "optimizer_name": "sgd"}