{"epochs": 30, "logdimkeq_initial": -5.716397396743053, "logdimKf_initial": 6.874933480827849, "lr_initial": 0.0001, "lr_effective": 0.0001, "logdimKeq_guess_history": [-4.992334826550322, -4.485935431462184, -4.298437529599792, -4.328642753964221, -4.457838360114718, -4.596367142865864, -4.695738791393871, -4.740592997823944, -4.740850296512385, -4.718726780891533, -4.694139653691003, -4.677688906586229, -4.671399768267499, -4.6724929420113925, -4.676893274836941, -4.681357967428189, -4.684232642934757, -4.685267019898342, -4.685012057953357, -4.684218845488373, -4.683461303157911, -4.683012910661391, -4.6828963536652815, -4.683000850931415, -4.6831896325117235, -4.683363336415738, -4.683477806482677, -4.683532710324055, -4.683549830081491, -4.683553962130551], "logdimKf_guess_history": [6.924791980155708, 6.966959130995192, 6.980203500801867, 6.973649819827733, 6.957893623928821, 6.941204390903532, 6.929142091145367, 6.9238702685300675, 6.924244610632634, 6.927451457331021, 6.930941603424148, 6.933357153205216, 6.93444609975863, 6.934574388770533, 6.934271991568286, 6.933959526101275, 6.933851651917937, 6.933981137824751, 6.934276960839099, 6.934642098612542, 6.935002418340481, 6.935322623925209, 6.935599807029314, 6.935848308012634, 6.936085788670633, 6.936325065754295, 6.936571856329324, 6.9368261845858, 6.937085253906037, 6.937345863134761], "loss_history": [3289.8758780792464, 206.68329724619048, 69.32949194116655, 247.9467332804066, 211.16033636817298, 88.19131874270661, 14.668666475429228, 1.57731903751472, 7.689123078963529, 7.734997589536377, 3.704113948354394, 1.4925803246175724, 1.305162596117529, 1.5023239369843395, 1.4586009035668408, 1.3231563924632976, 1.2580516872116294, 1.2547263041340315, 1.2605364376900443, 1.2580384600364647, 1.2532471767350928, 1.2510432656823447, 1.2507180285251243, 1.2505598830176274, 1.2501280983766445, 1.2496451558928445, 1.249254085244269, 1.2489216554534468, 1.2485913195742957, 1.2482529562497255], "grad_history_1": [-7240.625701927311, -1443.6810999177262, 657.0179568167783, 1239.5417529562487, 1140.9299396828208, 739.3097967589745, 301.07257152433885, -48.31617833930287, -221.69804526594868, -222.52164965073155, -135.253693901038, -41.57183504509728, 19.36235233656491, 42.37742903259807, 38.53745953601963, 22.645261784737876, 6.4232921094351125, -4.029607896981002, -7.721504267776644, -6.657314924921385, -3.6093609797051287, -0.6962133128749822, 1.0763925214962096, 1.6277576418795805, 1.3653294724180944, 0.7931311386003382, 0.2761811493190808, -0.023311920911674725, -0.10332163253347444, -0.044278296576011344], "grad_history_2": [-498.58499327858993, -172.37901175554555, 78.39205613066585, 131.7586587747154, 124.79355411844895, 88.11135075833248, 37.176832455199346, -7.593272637823037, -30.10253410216225, -30.19675647103779, -18.867227439334105, -6.704767345042506, 1.1882833711925953, 4.161842648044216, 3.6654170819793745, 1.612668658878083, -0.4835855016770139, -1.8342299848271515, -2.3108006094075324, -2.172262662698291, -1.7775084121685094, -1.4004572075758026, -1.1708031174246984, -1.0990943126684083, -1.1323016633939815, -1.2053675466246465, -1.2715203319756168, -1.3093296896172848, -1.319051919997565, -1.3107456860487539], "experimental_currents": [-3.05e-08, -5.52e-08, -1.02e-07, -2.38e-07], "optimizer_name": "sgd"}