{"epochs": 30, "logdimkeq_initial": -5.53715005260419, "logdimKf_initial": 7.1531172235363165, "lr_initial": 0.0001, "lr_effective": 0.0001, "logdimKeq_guess_history": [-4.965110398735336, -4.564418253226875, -4.413734018105032, -4.432642843451405, -4.5307418929517285, -4.639455415279503, -4.719346196234306, -4.756844791240292, -4.7588191148239245, -4.742258115592049, -4.72289266129363, -4.709466285012391, -4.703971993921346, -4.704448663895356, -4.707743495821556, -4.711255143742378, -4.7135975555435214, -4.714501212749973, -4.7143585701112585, -4.713750861606191, -4.713139796920734, -4.7127572259042, -4.712634987938683, -4.712693347460912, -4.712826135333585, -4.71295293707937, -4.713035756457974, -4.713071706615282, -4.7130765745386505, -4.7130696481480445], "logdimKf_guess_history": [7.187961552978509, 7.216026032503091, 7.22532418811862, 7.221500831459744, 7.211514243895775, 7.200839497497351, 7.193045419939983, 7.189469501135923, 7.1894267277062704, 7.191226774201724, 7.193307127730837, 7.194797344898175, 7.195498193262226, 7.195604677037071, 7.195430659103202, 7.195235123194754, 7.1951560125529035, 7.195220096988897, 7.19538830087761, 7.195602726738755, 7.1958174521283995, 7.196009419047972, 7.196175434234253, 7.196323443168354, 7.196464007494487, 7.196605118531994, 7.19675056350603, 7.196900613762839, 7.197053700426287, 7.197207915217167], "loss_history": [2004.963071965811, 135.46284452195619, 39.46749380972047, 148.74312579004177, 131.13532899798625, 57.646818269009984, 10.586311352864577, 1.0700338311529263, 4.6838220075505514, 5.023423502772532, 2.6278663314969624, 1.1787743436408333, 1.007421800201675, 1.130555041721291, 1.115833482605192, 1.0344630074743613, 0.9913231268098106, 0.9876296270557703, 0.9914478155771304, 0.9904178482054822, 0.9875967116077247, 0.9862184731724983, 0.9860535812813329, 0.9860565265935033, 0.9858980575757557, 0.9856871010204884, 0.9855353540017373, 0.9854187600455266, 0.9853077323483879, 0.9851877486767177], "grad_history_1": [-5720.396538688533, -1146.7231857403465, 496.6183763238732, 942.5094290729467, 886.4463682713725, 596.6399757761245, 255.3401979091587, -24.467954714158253, -167.74973919359962, -175.4816102369145, -110.8495468248127, -37.43649132029485, 12.188970495738403, 32.2381551953193, 30.564969391961032, 18.64231957722058, 5.865878407317451, -2.6754869411995976, -5.9447124193964935, -5.363871857106539, -3.072104329237474, -0.7703867380487338, 0.6904754274994223, 1.1947850498781782, 1.036081115578818, 0.6040780944931312, 0.19418505711571438, -0.05459531994338759, -0.13107155285124, -0.09360352290260551], "grad_history_2": [-348.44329442191867, -106.42314803486666, 47.340841467622354, 84.72434466640362, 80.74909234531499, 56.81452616439504, 24.567043581561308, -3.211199746236904, -17.451859723778956, -18.214332102798753, -11.803302813858895, -4.500404027817442, 0.4426021961782642, 2.4394040718047765, 2.2725982129124715, 1.0852694151400373, -0.18657312373074067, -1.03639756918927, -1.3616167071646579, -1.303239167874061, -1.0751245907290765, -0.8460422475075551, -0.7003172649413517, -0.650013409602868, -0.6655985908236387, -0.7082887444059228, -0.7488945528253185, -0.7732776979123522, -0.7806153504331768, -0.7767145915567409], "experimental_currents": [-3.05e-08, -5.52e-08, -1.02e-07, -2.38e-07], "optimizer_name": "sgd"}