{"epochs": 30, "logdimkeq_initial": -6.16737113326009, "logdimKf_initial": 4.5524506661317705, "lr_initial": 0.0001, "lr_effective": 0.0001, "logdimKeq_guess_history": [-5.555937044851441, -4.61885901573354, -3.963950793369766, -3.8267148479076405, -4.055464491884409, -4.316393953244874, -4.461881565195203, -4.482525992567945, -4.433367933834987, -4.375282016350599, -4.342014152933192, -4.337982392857953, -4.351206331307473, -4.367379008415325, -4.377912713437815, -4.381178109223389, -4.379801496255781, -4.377287699707088, -4.375916591980386, -4.376277988798763, -4.3778419282239085, -4.379772125193336, -4.381475055422358, -4.382758290796575, -4.383720011669597, -4.384557071879235, -4.385423024767984, -4.386377829595301, -4.38740675102745], "logdimKf_guess_history": [4.7889897239015164, 5.206168506788328, 5.505136914821406, 5.605141774683552, 5.592594445322845, 5.547143506059174, 5.52112574874209, 5.530029777900664, 5.559215119006961, 5.5880949082611915, 5.605871980055896, 5.612223823693562, 5.611969884137411, 5.610328045326414, 5.6104341768265655, 5.612960718223602, 5.617041079389218, 5.621471078264068, 5.625467506360492, 5.628834241188673, 5.6317608658432965, 5.634540026866358, 5.637378557646785, 5.640343690231015, 5.643401831244599, 5.64648526073015, 5.649541275454058, 5.65254948048668, 5.655515166201464], "loss_history": [9997.065790788318, 5401.876954619599, 395.5002789667345, 343.65999529744226, 732.6734860152008, 228.83457668724307, 13.682912137956329, 43.053527263410416, 52.49435982554229, 23.986044358759763, 10.52523305727202, 11.85456221206921, 12.605427845741753, 10.959587845862377, 9.983988384114781, 9.958785949785096, 9.973765647274774, 9.83427530161508, 9.717537031995638, 9.661005669905077, 9.612650843704147, 9.555407516390854, 9.498785707315452, 9.446321959951206, 9.395220533121542, 9.344109759412497, 9.293437060898654, 9.243484630492954, 9.194113101540765], "grad_history_1": [-6114.340884086494, -6313.609849135755, -1863.6920780482394, 1902.1816571976165, 2973.676167078314, 1465.5463937208028, 150.22881270096389, -520.9937860242187, -594.8027241932942, -335.06888117908414, -42.249046752138554, 126.02171633464401, 152.39818487140667, 95.60707883091102, 24.473664685637864, -20.01456725670962, -30.09310860395067, -18.254900648888285, -1.1420945235588562, 10.469506817280761, 13.832410159570623, 11.48227256854148, 7.378317443088766, 4.317702597056798, 3.201031859136387, 3.5619977312681925, 4.474227839300557, 5.218283829421675, 5.515190184905181], "grad_history_2": [-2365.390577697461, -2989.092540019384, -903.7901658967306, 494.7934415439439, 625.4975929177926, 391.7727458331784, 32.92287685248777, -219.12907817116195, -247.33326527009615, -142.87118701082778, -33.371771675884126, 25.36692259685236, 34.298613749849906, 15.148690329214583, -9.270509056504416, -24.73475646959938, -28.170904670988833, -23.89818292040749, -17.814286589997206, -13.685207799688438, -12.432572405328887, -13.158486957505664, -14.48950268895572, -15.458671940168541, -15.755747214691326, -15.543589787579808, -15.142999811334315, -14.801976706684856, -14.615831984731818], "experimental_currents": [-3.05e-08, -5.52e-08, -1.02e-07, -2.38e-07], "optimizer_name": "sgd"}