{"epochs": 30, "logdimkeq_initial": -6.0212442897570195, "logdimKf_initial": 5.534493434078541, "lr_initial": 0.0001, "lr_effective": 0.0001, "logdimKeq_guess_history": [-5.235560035221364, -4.413423667059691, -4.023256639122512, -4.027567486429009, -4.227524206501382, -4.429752643342319, -4.549636238370827, -4.578590352480108, -4.550132756186188, -4.506103682134586, -4.473656668802281, -4.460985890445099, -4.463746777644546, -4.473313651248429, -4.482527705140075, -4.487938584955565, -4.489399039034765, -4.488484795423056, -4.486975413410428, -4.486006852708846, -4.485918853270227, -4.4865123752678375, -4.487402795275401, -4.4882732907506675, -4.488972981076494, -4.4894967719673655, -4.48991451953432, -4.490304428906394, -4.490716331084414, -4.491165162981774], "logdimKf_guess_history": [5.689487979323168, 5.900286498058095, 6.000626137691943, 6.011917554423604, 5.9791606555882195, 5.938546161133502, 5.91383872038271, 5.911910512591616, 5.92509628346219, 5.9416619285961065, 5.9539835659013125, 5.960069320342608, 5.96145176757337, 5.9607399302174455, 5.96005012302184, 5.960412040842611, 5.961889650311862, 5.964037398019891, 5.966345150172696, 5.968487499327727, 5.970368438390689, 5.97204650515907, 5.973632915082523, 5.975218950858012, 5.976848030131973, 5.9785216691868825, 5.9802198881823045, 5.981920346637549, 5.983608847670429, 5.985281173992048], "loss_history": [6993.89895013085, 1644.6343754291356, 11.503604453846567, 448.4087663274083, 444.2105821478424, 137.61290793128, 10.073579409444749, 17.862208890909557, 28.79594662806425, 16.8650407373611, 6.8722449817570785, 5.520259380639086, 6.374983389432019, 6.157580635606985, 5.547793097322703, 5.307847315902675, 5.316144529641985, 5.317255183197538, 5.276550423736899, 5.241356248285838, 5.222980577885593, 5.208883240014096, 5.192769971985114, 5.176016467446546, 5.160097056584433, 5.1447555861311365, 5.1294938866795174, 5.114247565611556, 5.099105818631456, 5.084090929323675], "grad_history_1": [-7856.842545356556, -4292.942408938448, 209.0115614365763, 1993.9436127508654, 1978.0129641912376, 1022.5007680475055, 187.6937660803954, -309.876834049718, -429.3465334856137, -298.00275904642285, -104.32476306503214, 35.527283089698145, 90.96276378037435, 81.86430004159661, 44.306170897057065, 8.038528696659728, -12.449858285444156, -16.444706513093752, -10.522602067731746, -2.138696952677628, 3.962809121708481, 6.37521716920531, 5.936590087582305, 4.252854714842817, 2.644425881933858, 1.7394572795779764, 1.5585212151903098, 1.810355885961445, 2.1694749198318104, 2.428808083505573], "grad_history_2": [-1549.9454524462697, -1333.0124611261308, 50.5961973361486, 388.78403085262954, 384.02607201215005, 242.36045037025784, 44.00193523432616, -104.25512584301613, -141.49874766121093, -99.72759698629648, -40.388147382473285, 0.7506421130683812, 16.60429989886868, 14.030609713043773, 3.338885176440603, -7.06821418573818, -12.966505588662523, -14.089429734026588, -12.338782987907784, -9.884730786289255, -8.097644854456414, -7.37597236900709, -7.473765392624874, -7.928308137619148, -8.360613862164838, -8.590994179290126, -8.613994679672082, -8.513489575328467, -8.382718052586256, -8.280758051786052], "experimental_currents": [-3.05e-08, -5.52e-08, -1.02e-07, -2.38e-07], "optimizer_name": "sgd"}