{"epochs": 30, "logdimkeq_initial": -3.2237110004535925, "logdimKf_initial": 4.705988770966829, "lr_initial": 0.0001, "lr_effective": 0.0001, "logdimKeq_guess_history": [-4.310503742867784, -4.621287603875871, -4.418221952720628, -4.115811203551213, -3.980364927283796, -4.035078487228948, -4.153633113230073, -4.232101428379357, -4.246462064581797, -4.223158103505722, -4.197279183198611, -4.187588689533033, -4.193547352018609, -4.205350385771171, -4.21456966933978, -4.218532640844115, -4.218999302202737, -4.218883505300116, -4.219957642286575, -4.2223887173267, -4.225451334290641, -4.228402881248048, -4.2309252534918205, -4.233095428749931, -4.235141775019639, -4.2372362615112245, -4.23942432435873, -4.241662875312277, -4.243889747665323, -4.246068882731996], "logdimKf_guess_history": [4.510309317282394, 4.547557591236506, 4.786240680388342, 5.016935191499415, 5.1303393567869024, 5.148435083397987, 5.12839039428285, 5.11456631887535, 5.122057588314926, 5.142593285982043, 5.16250773092072, 5.174806430570009, 5.180239626405367, 5.182995341470535, 5.186584178606072, 5.192162032503186, 5.199054661206926, 5.206098952233067, 5.212589777639647, 5.218467804762898, 5.224029284861698, 5.229574888189653, 5.23523377445987, 5.24097621508774, 5.246711778208652, 5.252372699851222, 5.257941786418912, 5.263437070905327, 5.268884078699986, 5.274297884181894], "loss_history": [3349.836208451583, 538.9649209974831, 1397.6176028032053, 432.3487726144984, 29.785986293493842, 146.57914836124704, 94.3794240728268, 26.399805936117577, 29.501991935479563, 32.30935260474588, 24.390345653159258, 21.78030238823002, 22.36223976801344, 21.795921559092058, 21.04900272453869, 20.818590728063903, 20.641460065989122, 20.380420292136908, 20.149637331153045, 19.951618495243963, 19.75169711460935, 19.551857089570024, 19.35876232858043, 19.17001707589874, 18.983844470338546, 18.800805699168905, 18.62106611762937, 18.44432464761764, 18.270467542365925, 18.099481921595565], "grad_history_1": [10867.927424141913, -2326.1251019900847, -3584.575816592864, -2008.7792359179302, 157.59098317290173, 1224.366980788606, 911.9784602854797, 191.9100214872232, -248.73521372202165, -304.8427917729469, -142.26939769073374, 32.489664879780406, 108.03909318363847, 88.23702509774826, 33.17766692328201, -6.466702799697385, -15.148243935456307, -3.491275819313264, 11.320354377691272, 18.940065468956202, 18.47079443878541, 14.202384754363287, 10.465987650689419, 9.089891362246508, 9.612586406523292, 10.71313356731328, 11.408196017127114, 11.445195297939769, 11.075968762728825, 10.65698890150424], "grad_history_2": [1956.7945368443523, -1350.880007963301, -2200.5895217477996, -1113.5296653515445, 19.43090268048451, 386.0635603265874, 290.9255242067924, 38.017308499316655, -144.03307143326472, -167.90062947328246, -96.46596105118714, -23.414771799502237, 7.161539892866475, -0.3911714748960797, -22.10979602952274, -37.83435329345178, -41.037017551834936, -35.97976674271681, -29.68679893509078, -26.3261441996045, -26.22466537174731, -27.64863278555595, -28.860846062393694, -29.12997492761883, -28.643428069764774, -27.93140082114155, -27.38625746405415, -27.10741202569651, -26.993655514516067, -26.903015845784466], "experimental_currents": [-3.05e-08, -5.52e-08, -1.02e-07, -2.38e-07], "optimizer_name": "sgd"}