{"epochs": 30, "logdimkeq_initial": -5.301382172185344, "logdimKf_initial": 5.683872137436074, "lr_initial": 0.0001, "lr_effective": 0.0001, "logdimKeq_guess_history": [-4.828962677002463, -4.423954836883061, -4.243947240221807, -4.252009588034364, -4.3513281601286815, -4.455696947943366, -4.520510171491295, -4.538949282256132, -4.526715369596648, -4.504669500296369, -4.487282329961474, -4.479711899030184, -4.480401288491139, -4.485138951931122, -4.490139433747393, -4.493396225553724, -4.494625898070001, -4.494526636718545, -4.493998037130005, -4.49366666043117, -4.493762736598786, -4.494223291676873, -4.4948651475610415, -4.495520971850343, -4.496100613084382, -4.4965897713346275, -4.497017957008403, -4.497424371784697, -4.4978368557166855, -4.498266078864906], "logdimKf_guess_history": [5.825695713000737, 5.952581177607193, 6.010611561030278, 6.016640304768594, 5.997300430569749, 5.974072093142871, 5.959807460596997, 5.957684005130518, 5.963856491422421, 5.972510234918708, 5.979582384102982, 5.983703069386328, 5.985395153705393, 5.985894358830238, 5.986292810392662, 5.987170192426763, 5.988612765592053, 5.990424692526544, 5.992351461294315, 5.994215895967837, 5.995953292932299, 5.997581896843491, 5.999153755396401, 6.000716268097306, 6.002294930907589, 6.003893802094322, 6.005504586303984, 6.0071162777293, 6.0087210786329885, 6.010316025402846], "loss_history": [1949.12512014496, 317.5211592690282, 11.959088942314903, 128.59023633209955, 122.16272622107938, 44.327599093733156, 7.251930167513999, 7.808550804390356, 11.203053460601504, 8.521975031873003, 5.707976712482086, 5.135990029486479, 5.343563166238159, 5.319046771349186, 5.153132944102051, 5.0667628229444395, 5.053555477741476, 5.045290568715661, 5.025569479345297, 5.005612356504631, 4.990029945439598, 4.976111180719224, 4.961856379919219, 4.947403873542559, 4.93318248317413, 4.919191586959762, 4.905296689648077, 4.89146361995102, 4.877710973622603, 4.8640498080701375], "grad_history_1": [-4724.1949518288075, -1687.9809252796185, 224.96323398447146, 980.6614614318349, 952.8739818803994, 547.0950176752573, 126.28829640585917, -139.67501009126963, -214.53468041902784, -159.28912970536666, -63.64235684755589, 11.231542361574668, 44.74604926600414, 43.92968709505933, 26.31650096278926, 7.56550898196006, -3.987233868888083, -7.1409760959375355, -4.7896891281241345, -0.6707690456509041, 2.617645170329293, 4.125169942792243, 4.115783451253863, 3.348963472173329, 2.5172908938780236, 1.9933763322648512, 1.836065486527833, 1.9232193940656128, 2.092765438410475, 2.2298118222652024], "grad_history_2": [-1418.235755646633, -559.7367682412471, 54.123488801430334, 229.86447973226245, 223.54246068003573, 135.5840032745508, 26.504638324356645, -50.088608064588584, -72.34214025142425, -55.67500350335675, -27.452774361297596, -5.846106912095605, 3.6825832260813547, 3.4683703468788365, -1.4884900000178316, -6.781562528896388, -10.038821482384881, -10.906403518463367, -10.208053005261402, -9.010502896369895, -8.051796277006003, -7.599054289614076, -7.575565973134539, -7.765834244495727, -7.974064598311384, -8.095397815911062, -8.113486162957857, -8.06299320484448, -7.989551910310791, -7.92546318013055], "experimental_currents": [-3.05e-08, -5.52e-08, -1.02e-07, -2.38e-07], "optimizer_name": "sgd"}