{"epochs": 30, "logdimkeq_initial": -5.7803686492570625, "logdimKf_initial": 4.356723056794353, "lr_initial": 0.0001, "lr_effective": 0.0001, "logdimKeq_guess_history": [-5.173113660799855, -4.339326685141297, -3.8517918999890663, -3.8653779387401666, -4.127494653885457, -4.349412131179087, -4.439416344238065, -4.421701732449271, -4.36220163358457, -4.314004643807808, -4.297145791772209, -4.305483968898051, -4.323084957019618, -4.337276402349575, -4.343414253511141, -4.343182204305331, -4.34057889347464, -4.338766136868209, -4.338918002439335, -4.3406375145495435, -4.342944086994794, -4.345053240779373, -4.346666409799482, -4.347874424047993, -4.348917243377917, -4.3499910543689655, -4.351173953722524, -4.352447026245676, -4.353752387634069, -4.355041103439796], "logdimKf_guess_history": [4.680904573695807, 5.145588052775683, 5.412762859763228, 5.482953258780154, 5.457045847944269, 5.416826667592761, 5.407249044188985, 5.430217436001734, 5.464111963782434, 5.49029843431163, 5.502945885435484, 5.505426893759386, 5.503988586795021, 5.503450448445084, 5.505661901528128, 5.510096243527288, 5.515326764879467, 5.520216663741383, 5.524351799913951, 5.5278852215214265, 5.531177024666282, 5.534513531597395, 5.538003914105112, 5.54161592130135, 5.54526327870249, 5.548875601301445, 5.552425138986913, 5.555919032617651, 5.559378351858801, 5.562820887589474], "loss_history": [8180.2255413618495, 3501.499789214701, 73.38656727005251, 541.2442922578209, 550.0774552617252, 97.56235273348493, 18.854250846434358, 58.36166651217861, 42.56687473905732, 16.70229516028658, 12.869617235156632, 15.166079492847118, 13.98806624969319, 12.314301185241229, 12.007251902591696, 12.073759835554213, 11.926443114507432, 11.749173805739797, 11.657229683608193, 11.589931320639053, 11.510519854679037, 11.429882511266538, 11.355310332514753, 11.283187324954554, 11.211143059137378, 11.13977603077468, 11.069548381709385, 11.000245149992061, 10.931702646296591, 10.863941125891417], "grad_history_1": [-6072.549884572078, -5301.594814299536, -706.4129732295203, 2573.5343132721564, 2553.2369576974056, 908.5911972098435, -209.54525587837236, -627.1671831828319, -506.4279297030349, -184.46940344412576, 72.3964285278276, 167.6760314364184, 134.3189955864575, 53.90951269173596, -9.578715034122162, -33.00974786593219, -24.87286227786499, -5.111011910849034, 10.582438743407273, 16.43579324646665, 14.468163901453728, 9.558675619549762, 5.585921278186319, 4.014297384565789, 4.388122056685454, 5.524013260862871, 6.459938580344191, 6.816228463717822, 6.688251268174407, 6.360351115305889], "grad_history_2": [-3241.8151690145423, -3025.92720629149, -348.3306744760642, 633.9700447684626, 610.0261034434725, 272.65474933566657, -105.31966771978767, -277.57203514636706, -224.1033187432581, -92.39206638845855, 4.457841407450453, 38.42717238023725, 26.788111263166687, -1.8101513224553292, -24.805222580121182, -33.28615457638817, -30.133503525990154, -22.746381858264826, -16.901867416101485, -14.658535211911893, -15.25092341118096, -16.906053586852618, -18.221290421609083, -18.668159423792627, -18.413538030207597, -17.88643898385337, -17.433763859901987, -17.191247880045704, -17.12372425780915, -17.128761100978572], "experimental_currents": [-3.05e-08, -5.52e-08, -1.02e-07, -2.38e-07], "optimizer_name": "sgd"}