{"epochs": 30, "logdimkeq_initial": -5.523376624900099, "logdimKf_initial": 6.849165683663794, "lr_initial": 0.0001, "lr_effective": 0.0001, "logdimKeq_guess_history": [-4.955915771275845, -4.547100028236763, -4.388436635489713, -4.403965287248617, -4.501716675830871, -4.610358128031545, -4.689343025198161, -4.725516154769275, -4.726469842984311, -4.709456521244407, -4.690079136062698, -4.676861548275689, -4.6716238258414124, -4.672301601922976, -4.675703470554121, -4.679238854071762, -4.681557834926687, -4.682428159725299, -4.682266179127284, -4.681660808427672, -4.681069969267422, -4.6807170209800075, -4.680625925613166, -4.680712207666513, -4.680868337114407, -4.681014836855904, -4.681115474318804, -4.681169006652317, -4.681192174378443, -4.681204482669715], "logdimKf_guess_history": [6.897548579324137, 6.9373932053327865, 6.951633078360923, 6.947747432550366, 6.935237059374298, 6.92160178498655, 6.911701665842768, 6.907327112674586, 6.90754181185002, 6.910097542353473, 6.912947984363894, 6.914975443859246, 6.91594530497862, 6.9161330226314846, 6.915960413638798, 6.915769195000507, 6.915737438693298, 6.915895946221113, 6.916190011248958, 6.916542195658478, 6.916892274458718, 6.9172109013781204, 6.917494949490139, 6.917755532103636, 6.918006790467919, 6.9182591693391, 6.91851741637574, 6.918781703667146, 6.919049819867524, 6.919319211887992], "loss_history": [2051.9345216192455, 162.13553734695924, 33.198966726060235, 146.1255051176947, 131.35442305328598, 57.01204807955592, 10.168581033142818, 1.4332375359086291, 5.175597581776162, 5.335483977352363, 2.873922454708199, 1.451100488764669, 1.3038290851991632, 1.4277819859562142, 1.406759845806926, 1.3231219634283238, 1.2808917758490688, 1.2778852669527858, 1.2814339089819087, 1.2799092345067118, 1.2767821812648705, 1.2752065751341966, 1.2748261404873968, 1.2745808037045805, 1.2741631638659505, 1.273711398358786, 1.2733130811038076, 1.2729523600638135, 1.2725944261203421, 1.2722302822410583], "grad_history_1": [-5674.608536242535, -1250.8531622695548, 457.4447877249169, 948.6034813242923, 899.8706270280202, 597.6575790954662, 246.64171066278638, -33.193190121939516, -171.32876570521142, -174.90165847421457, -108.70724311757562, -35.28895196154762, 13.710714592285754, 32.966372987017145, 30.629805903629236, 18.344492020689636, 5.512890961033623, -2.89165628850395, -5.971429973200429, -5.243804006045669, -2.8815381044498274, -0.5752870728856501, 0.8537877686518789, 1.3182973676784444, 1.1298842121994686, 0.6843501754999087, 0.27387592151698287, 0.032136020624553244, -0.03598440630554711, 0.007244282092925924], "grad_history_2": [-483.8289566034239, -156.53178178478805, 56.82439976188471, 110.05582324625533, 105.675502707889, 73.80087799713979, 30.82481949908044, -5.755064037080125, -24.01975759526225, -24.48380915735106, -15.725767586951859, -6.022384901408614, 0.4386862830263547, 2.9721290682212325, 2.6646781911843074, 1.0491414194751085, -0.6385301193608487, -1.7438568142002495, -2.148112639370377, -2.0515189559721283, -1.7398659548058948, -1.435875192827665, -1.2473465231742604, -1.1855855748778505, -1.2096705753411912, -1.267496890397702, -1.3205760104912028, -1.3516377308648186, -1.3597255467562928, -1.3533392027885895], "experimental_currents": [-3.05e-08, -5.52e-08, -1.02e-07, -2.38e-07], "optimizer_name": "sgd"}