{"epochs": 30, "logdimkeq_initial": -5.612251003679878, "logdimKf_initial": 5.843679592830241, "lr_initial": 0.0001, "lr_effective": 0.0001, "logdimKeq_guess_history": [-4.951912462367772, -4.410044208059853, -4.182153943811613, -4.202771492209538, -4.3391487103888275, -4.478933398089516, -4.5666915037692695, -4.593566521249417, -4.579109117064298, -4.550311389895742, -4.526426326354832, -4.51483443850379, -4.514177765910016, -4.519393268763595, -4.525604780396728, -4.529968241782993, -4.531794386321774, -4.531753480672674, -4.530929105902276, -4.530176413010232, -4.529893171681755, -4.530089436869129, -4.530577776710209, -4.531147190077263, -4.53165934636444, -4.532067570582247, -4.532389678304684, -4.532668578843676, -4.5329425736468, -4.533232350924877], "logdimKf_guess_history": [5.982947295447063, 6.112720125263033, 6.167578313455919, 6.168210838736916, 6.143005861125359, 6.1143024192441295, 6.096069782714477, 6.092202439280228, 6.098480693835857, 6.108083845619589, 6.116084018098616, 6.120686931197217, 6.122350436419918, 6.1224397563498005, 6.122240202449427, 6.12250097898059, 6.123408555016521, 6.124793045315357, 6.1263751050258035, 6.12793399032619, 6.129367387236793, 6.130673181621881, 6.131900073636152, 6.133102657151478, 6.134316660254612, 6.135554129475264, 6.136810489567635, 6.138074707993858, 6.139336959724675, 6.140591953670573], "loss_history": [3481.7886419185147, 458.9193814866176, 29.222906154289163, 240.06435485188769, 213.36538946871605, 73.8438467157719, 8.344407410993217, 7.950229687618216, 14.238740570168222, 10.203628511663759, 5.275619647695278, 4.036385169100579, 4.355832744630513, 4.402391749158349, 4.164267208979802, 4.013361363394633, 3.9921849565150627, 3.9963913975862826, 3.9834288583017523, 3.9656007487966436, 3.9535881168133944, 3.9452909146444233, 3.936981992387697, 3.92810015635968, 3.9192991253338616, 3.910781213574407, 3.9023831676987593, 3.894002855517825, 3.885647612274411, 3.8773390624438355], "grad_history_1": [-6603.385413121064, -2116.9898365186577, 430.43862905720226, 1345.626805220449, 1260.6844398032647, 715.9607861104396, 178.65761829409533, -170.0403535972928, -278.9491292519328, -215.6902507599605, -94.86199956632387, 3.506439194135295, 51.39271331746611, 55.438391504663436, 36.03760206343467, 12.577055696983466, -3.555861543511085, -9.539779184910499, -8.03921945847864, -3.405055068442569, 0.9310511754468801, 3.378858516118137, 3.9020724739366575, 3.25243446513852, 2.2744960364983036, 1.5214607421856186, 1.1799561353342323, 1.1784667777407232, 1.3454453362670713, 1.5277987651578182], "grad_history_2": [-1392.6770261682148, -601.3897850756, 100.28226715099507, 267.96568815445715, 255.21240252055503, 161.00953075451142, 38.80915589037726, -52.48974830576275, -82.11926272753789, -64.64024505917698, -31.98596587160487, -6.028268590881536, 6.379513265996302, 7.424326814682444, 2.4421386531456912, -3.6055348135033696, -7.771877703488455, -9.307022808704055, -8.898145610288132, -7.678554451625219, -6.539542604101381, -5.890959297864018, -5.7399482172761145, -5.8913750819047, -6.127113454703461, -6.304676690859248, -6.376254820445802, -6.360383800374352, -6.301425177061629, -6.238680804896713], "experimental_currents": [-3.05e-08, -5.52e-08, -1.02e-07, -2.38e-07], "optimizer_name": "sgd"}