{"epochs": 30, "logdimkeq_initial": -4.030788031730221, "logdimKf_initial": 3.2710367557705737, "lr_initial": 0.0001, "lr_effective": 0.0001, "logdimKeq_guess_history": [-3.4963287551849653, -3.285683396483657, -3.7249000643591206, -3.7579712016480253, -3.5867047609586313, -3.5685640616379897, -3.6788550847232218, -3.715199264493705, -3.6854530382250434, -3.6760244039147407, -3.703390769016396, -3.7271273410562356, -3.7322329537861987, -3.7340275559864415, -3.7437522740814604, -3.7570935473328495, -3.767444379886341, -3.774898504661206, -3.782645427451931, -3.7917227967262983, -3.8009641248687003, -3.8094499374198865, -3.8173953767562865, -3.8253307166958517, -3.833372006251958, -3.8413157994070573, -3.849021156442251, -3.856526413089053, -3.8639201777832515, -3.871228557118453], "logdimKf_guess_history": [3.5683699824052617, 3.7145596050058547, 3.6400759085428445, 3.7027504914493017, 3.8356015176582203, 3.8915189357369506, 3.889292558443864, 3.911132698384795, 3.957364734751398, 3.9926013034953463, 4.011118781070573, 4.0299659787099475, 4.055787756536273, 4.082274335203537, 4.104774866309636, 4.1251658889447995, 4.146282731530757, 4.168117296194868, 4.189328827138433, 4.20949037005287, 4.229115395517764, 4.248612213047351, 4.267901583215968, 4.286767489563234, 4.305171658530205, 4.323213360270527, 4.340964700807437, 4.3584199338329634, 4.375551155959438, 4.3923572088248], "loss_history": [2260.168090966704, 197.4047456637909, 909.7153748417709, 333.5325087127698, 332.3076779050132, 158.58118173212569, 186.9375814953828, 134.06244701627637, 139.88900839680912, 122.58607097963186, 122.06995187960624, 115.36109944861056, 112.53725433427395, 108.85998279194419, 105.76560319205706, 102.85433608826436, 99.99899963551084, 97.3470659133997, 94.75746015579469, 92.29496037084787, 89.91995796696614, 87.63734428618386, 85.44212996198952, 83.32808368873538, 81.29317247561754, 79.3327127610336, 77.44365695505049, 75.62273948887821, 73.86683158042237, 72.17306934498077], "grad_history_1": [-5344.592765452561, 565.8427957131981, 5445.393472261176, -1865.371966488271, -1878.0200933384626, 674.9252102405522, 1193.6137274555301, -188.01331772133017, -479.1831615390302, 54.44478824028177, 320.8068225680672, 100.5338948901165, -67.62673289956707, -7.582041647385579, 88.27416994897588, 84.78914203879637, 36.80195927796749, 22.787084981194162, 40.198604032927, 52.0390787900459, 47.02643505218476, 38.65148479985026, 37.02533060807154, 39.62620271365303, 40.73619586323388, 39.2314837704627, 37.33460457644357, 36.525781292047775, 36.41136370797562, 36.11496988102173], "grad_history_2": [-2973.332266346882, 24.769907167511466, 1475.785077633069, -999.1643113796248, -1015.1373475569014, 105.0809502572899, 301.85086332452045, -229.5332858747458, -353.11966396137484, -121.20550560646492, -8.991932032527174, -95.88458851760764, -163.98179006638503, -135.75689754101143, -92.57241772467951, -91.40757082113075, -109.21331268376376, -112.76143371132119, -102.94248611508947, -95.55777442654333, -95.44254007675899, -96.84304797140655, -95.40961403823748, -92.21221262957017, -89.7121579333859, -88.39617256836328, -87.30489666748606, -85.79562757072274, -84.03605613711191, -82.40441802124018], "experimental_currents": [-3.05e-08, -5.52e-08, -1.02e-07, -2.38e-07], "optimizer_name": "sgd"}