{"epochs": 30, "logdimkeq_initial": -6.090443797366452, "logdimKf_initial": 6.09839358534567, "lr_initial": 0.0001, "lr_effective": 0.0001, "logdimKeq_guess_history": [-5.242410709973078, -4.440985527932015, -4.087799092016797, -4.097004308617541, -4.283048688455457, -4.480626630076901, -4.611894434138502, -4.660109523249713, -4.647229833584943, -4.609449944756331, -4.574849415049771, -4.555648826521727, -4.551673931967472, -4.556926800152406, -4.564869043622346, -4.5711850275309915, -4.574328747354997, -4.5747490616333435, -4.573726486981653, -4.5724610887583435, -4.571646088356469, -4.571452656140345, -4.571725236197333, -4.5722054577202815, -4.572683579004575, -4.573055348042985, -4.5733095937638035, -4.573486014875448, -4.573634383283395, -4.573790230571348], "logdimKf_guess_history": [6.1890323081366425, 6.311569809082677, 6.363068583839326, 6.360093052578079, 6.330206025060414, 6.295516771899991, 6.271452712919909, 6.263997374748663, 6.269507534747093, 6.2801258843252485, 6.289577150755545, 6.295229087308147, 6.297265251884758, 6.297129484581482, 6.296341700849388, 6.295900399334902, 6.29616839098001, 6.297049492384795, 6.298254574993042, 6.299511462874091, 6.3006631337293575, 6.301671247381176, 6.302571514385516, 6.303422782526721, 6.3042727243069745, 6.305145006120534, 6.306042169754672, 6.306955227911934, 6.307872917450101, 6.308787211355309], "loss_history": [6878.177689201268, 1156.8677675791496, 34.975828695429946, 446.0611531023694, 428.30906094006684, 157.50635557414816, 17.783603834367405, 7.1201967154668235, 20.71240001834121, 15.842085223793147, 6.337268926781621, 3.0645744540262814, 3.4204387538996843, 3.695950006147112, 3.3648702637450834, 3.057519845056917, 2.9848349225675084, 3.0014986838476374, 2.999850023845122, 2.9811429313687245, 2.9678193023440693, 2.9624471746247694, 2.958836039375597, 2.954274348208996, 2.949363873600872, 2.9447726279529896, 2.9404381563599937, 2.9361370144118775, 2.9318144776266335, 2.927503587703497], "grad_history_1": [-8480.330873933735, -3774.086383443762, 475.26155105314024, 1857.9843455835273, 1814.4177153754358, 1045.5575170248642, 324.78833250879705, -174.1881291959006, -369.8723422037561, -313.4004399622652, -157.1058529225428, -19.003236747638777, 56.253997097665014, 72.40315462061736, 53.15809377471871, 23.44862173676589, -0.1427213031787082, -11.515456336563998, -12.32731790863449, -7.541108974644449, -1.8230129021953987, 2.140679848127544, 3.69296165050281, 3.4393149445531, 2.380105228180887, 1.3270839626397581, 0.6836120161373499, 0.4929825123530175, 0.601578521243882, 0.816630839784511], "grad_history_2": [-906.3872279097221, -772.1813955054824, 97.69975716367598, 287.2491863957271, 283.9926188704127, 197.45739401590305, 67.19432399870966, -45.76691318795429, -92.37829084052659, -78.63269578940853, -41.420916412192334, -9.263033374536256, 7.898036996905849, 11.538495915811776, 7.199000804553341, 0.47409648440181257, -4.886424023520278, -7.471055822308288, -7.645319058544591, -6.543465769261984, -5.232269147420193, -4.322782241851985, -3.9621017843051245, -4.011346390353958, -4.243077096510358, -4.473109234327604, -4.610227273583872, -4.644763401925972, -4.611604595367493, -4.554491361242216], "experimental_currents": [-3.05e-08, -5.52e-08, -1.02e-07, -2.38e-07], "optimizer_name": "sgd"}