{"epochs": 30, "logdimkeq_initial": -3.16535133407916, "logdimKf_initial": 2.9851316208490237, "lr_initial": 0.0001, "lr_effective": 0.0001, "logdimKeq_guess_history": [-3.554235246546767, -3.3707178680917878, -3.2219911669938863, -3.473350415066773, -3.4208083309021626, -3.3387100113296024, -3.4389238935388, -3.4565556359523018, -3.4274174061016844, -3.453966920382983, -3.483470790464931, -3.4856738140828716, -3.4933581579142223, -3.5128659746931166, -3.5269406002682855, -3.5361683489157416, -3.548530900929572, -3.5626361550219823, -3.5748445677495737, -3.586115859707192, -3.5981051901339325, -3.610296882348434, -3.621901984558822, -3.633144013940858, -3.6444021034461858, -3.6555920014040204, -3.6665235411227646, -3.6772139667136226, -3.6877554599193134, -3.6981542746488345], "logdimKf_guess_history": [2.898780984242361, 3.015645907634699, 3.1146313189460044, 3.089626171717766, 3.1624692372314853, 3.239621216989491, 3.253029556790598, 3.2921582103770812, 3.3460717135119524, 3.3788873831249693, 3.4095646546111205, 3.4494124946019395, 3.486472778715001, 3.5184425449279084, 3.5517766866408853, 3.586284530302157, 3.618921508713177, 3.6502144056541708, 3.681572626429638, 3.71262376862535, 3.7427163108688135, 3.7720554963263537, 3.8009604319536, 3.829347752568803, 3.8570714360841953, 3.8841739428041477, 3.9107426165513317, 3.936781168402166, 3.96226306122958, 3.9871977585195695], "loss_history": [607.4493861347908, 850.1834122840263, 309.01231853558124, 509.62848532123854, 385.7243165979832, 277.544288682475, 304.1335039846656, 252.37843429681547, 245.5266461851358, 235.03016208227916, 224.14846003425856, 217.7052944078165, 209.4732537881952, 202.951408135883, 196.088238186367, 189.76532905706517, 183.57342015801697, 177.65049400322283, 171.9274452686379, 166.4234749100128, 161.12565859327165, 156.03086139745807, 151.1323281656179, 146.4256685859204, 141.904694420496, 137.5634150472238, 133.39540963648997, 129.39455995361092, 125.5544831644361, 121.86886370161156], "grad_history_1": [3888.839124676068, -3779.5933468878266, -569.680118704119, 3257.225986218371, -1782.2170820105337, -558.2727749025499, 1412.6304199547749, -324.7519869109668, -379.5410105736849, 411.18629206607386, 162.29112941298635, -125.48911423033192, 65.8283202238017, 156.65644863218813, 43.20717185721702, 21.904358598716833, 77.48677690101995, 79.23978085495412, 51.55785681386183, 51.670855938226566, 63.53684447931449, 61.97027001131039, 55.09256103137451, 54.394782768421315, 56.37074814309719, 55.60853205170756, 53.365907398268334, 52.246557314857625, 51.96280410261725, 51.280681266756936], "grad_history_2": [863.5063660666301, -1600.4024169566985, -405.52949615136015, 744.9785288389064, -853.4563912783816, -407.30447001146223, 251.6765007789609, -324.24483685930096, -343.49176341629584, -58.58918045581058, -142.69436679642973, -245.09204247743494, -171.36364117651905, -134.39624156376513, -173.4925860652307, -178.407728047834, -153.83056580384343, -149.7440773548345, -157.11772304970322, -153.72031807978226, -145.66971145607803, -142.92914335808192, -142.35342898476222, -139.34852801580004, -135.3002320779073, -132.40664962256275, -130.17420387207858, -127.54214977242265, -124.62616901997374, -121.93750876282128], "experimental_currents": [-3.05e-08, -5.52e-08, -1.02e-07, -2.38e-07], "optimizer_name": "sgd"}