{"epochs": 30, "logdimkeq_initial": -4.884402651146409, "logdimKf_initial": 2.0859291055279545, "lr_initial": 0.0001, "lr_effective": 0.0001, "logdimKeq_guess_history": [-4.3961270190150525, -3.4947281938090464, -2.680514867954031, -5.148933145898273, -5.891445669160465, -5.903132062203088, -5.488338295783033, -4.722502355250539, -3.9317216026938606, -3.6808777589881716, -3.954441107996455, -4.266177615959435, -4.419938736387101, -4.421003690600128, -4.35103389245674, -4.286125088881906, -4.260099532674454, -4.268753041307351, -4.291391808537485, -4.310231561357505, -4.318335728857305, -4.317770528546236, -4.314014682506736, -4.311423170405632, -4.311551605486314, -4.31376514097761, -4.316668387737854, -4.319205585051069, -4.32103131380886, -4.322330166998768], "logdimKf_guess_history": [2.3403336307033316, 2.790259585572554, 3.1616913081872653, 2.8539438278923392, 3.0486950854048764, 3.410629697224717, 3.8867976139202853, 4.507063136404301, 5.072661000583268, 5.310181559575976, 5.342378125864305, 5.30896672482801, 5.296005347130349, 5.324633997387808, 5.371254158709791, 5.409040180119034, 5.428020479803319, 5.4320368292299275, 5.429756444266389, 5.428237017883673, 5.430384934915818, 5.43560164411173, 5.44189766904528, 5.447672586950756, 5.452370082040789, 5.456243841178253, 5.459822208101965, 5.463502330710908, 5.4674148745725715, 5.471492302120284], "loss_history": [11345.87800974166, 7788.037244805109, 795.7092649300299, 8119.883549143674, 10298.963394601415, 12829.858289404616, 11859.044620048982, 8161.947304982417, 1882.1888261049244, 187.25571647011347, 1018.4953931831278, 280.216222370061, 16.925851646685164, 79.74840972742358, 70.88029132188531, 24.95182219801368, 14.624790166108557, 18.796774223436536, 17.263238572101304, 14.287949281582204, 13.723695490234308, 13.888496629251872, 13.66141140066555, 13.38411321514095, 13.26527423861375, 13.1846586330415, 13.079655997346123, 12.97461962727916, 12.880851620513933, 12.79020264761332], "grad_history_1": [-4882.756321313566, -6572.610091403275, -3635.139132520124, 28755.249408717493, -4916.9661570992885, -3595.698685884726, -4206.369629413668, -5584.390573224668, -4078.627822904308, 1445.4653257265009, 3989.85270861128, 1749.548334588387, -21.07133553824491, -758.1560600080592, -705.0227524990172, -299.2390450314007, 64.28845579966146, 216.66286736621814, 183.12012913686357, 75.20369204952708, -13.157089102096492, -46.17284060969109, -34.73245883966369, -7.1358908135332655, 14.241911312332881, 21.493179509557045, 17.964790145954737, 10.855739330931208, 5.571301011837711, 3.859888110118707], "grad_history_2": [-2544.045251753768, -3227.23692281534, -1464.6874518010015, 4934.633416022817, -3486.2499766000024, -2645.58983063572, -2952.0061078564795, -3821.8156413623155, -2554.6510293695937, 452.78373096775647, 865.6371320802498, 495.0968418045902, -37.44322820486774, -351.0933910628904, -323.0583619325262, -144.75940748252887, -0.8728897966261657, 54.73800415533838, 42.88559676842515, 3.792339009464278, -29.0763022350186, -41.427506798402355, -36.87670335592932, -26.269054387021203, -18.100361372950832, -15.250115924465732, -16.414873549805623, -18.909391470864843, -20.724825571928935, -21.21155616880606], "experimental_currents": [-3.05e-08, -5.52e-08, -1.02e-07, -2.38e-07], "optimizer_name": "sgd"}