{"epochs": 30, "logdimkeq_initial": -6.1667672868198355, "logdimKf_initial": 6.035497507044154, "lr_initial": 0.0001, "lr_effective": 0.0001, "logdimKeq_guess_history": [-5.322590316266269, -4.457132467282222, -4.0624825691518165, -4.06115078494037, -4.2570904126400535, -4.466901870009757, -4.605706942191744, -4.655812502440027, -4.641097004986856, -4.600497804141163, -4.563899651675261, -4.544023149380162, -4.5403641593693544, -4.546331808477404, -4.554909613208055, -4.561563374882563, -4.564756892676734, -4.565065345863531, -4.5639035044072935, -4.562553214785712, -4.561727814895723, -4.561578065344973, -4.561915313266112, -4.562455115195173, -4.562976062305773, -4.563374553310644, -4.563646283198895, -4.56383827125936, -4.564004866347213, -4.564182886221468], "logdimKf_guess_history": [6.124689830802186, 6.260140569419373, 6.3197696785011, 6.318968040411925, 6.287878717779307, 6.250871523581064, 6.22513932858966, 6.217506325252746, 6.223991432938351, 6.235881790870455, 6.246285267340421, 6.252396145552624, 6.254510413717237, 6.254273365460689, 6.253373466566505, 6.252897234770797, 6.253219586627663, 6.254212505264454, 6.255545959619728, 6.256919566047665, 6.258166460142085, 6.259251931016977, 6.260220721345327, 6.261139796273286, 6.2620611672973965, 6.263009141014932, 6.263984739858552, 6.264976963399793, 6.265973113097285, 6.26696459316047], "loss_history": [7581.140823691661, 1539.9789302881513, 23.45270081120254, 481.5348800448282, 483.90344687884533, 176.86872224682625, 19.226056296604675, 8.253689473197863, 23.601877636757454, 17.61705840797322, 6.806352445183167, 3.271603190418822, 3.742120276190942, 4.023297193232513, 3.6212307790015426, 3.276114542270233, 3.203083753462823, 3.2235347222409514, 3.2192664525762344, 3.196859993308004, 3.181950666683221, 3.17604392415892, 3.1717307395449152, 3.1662399589888763, 3.160441143905654, 3.1550548511981527, 3.1499487895266056, 3.144865568170363, 3.139760788014221, 3.1346753561397707], "grad_history_1": [-8441.769705535664, -4433.693637072637, 380.7902636161744, 1959.9316485375618, 1966.0551980540688, 1118.4164351986135, 338.99343497135953, -192.96975842710262, -397.68277577313575, -332.4145211910685, -162.98552043056736, -15.774260621471022, 62.792611367421976, 77.9714411345234, 55.9398017662713, 23.64859309182028, -1.333630430823453, -12.88305710288438, -13.160680496365645, -7.693688934624696, -1.502550791991537, 2.629503942446727, 4.121226965138731, 3.7117796849201787, 2.5104614606882696, 1.3801744957130524, 0.7248438581573788, 0.5612311633976026, 0.706010576203218, 0.947223303290049], "grad_history_2": [-891.9232375803288, -908.5457673816979, 80.96260226865843, 306.1619263003811, 306.88503588030636, 214.62532881934357, 72.28597892282684, -52.330941587885256, -103.01609354061843, -86.47804089301694, -44.582975039141914, -9.091399772197715, 9.411709414888309, 12.941823388546823, 7.813747659091001, 0.26282348616466894, -5.604677547198903, -8.317427083576268, -8.369950368788306, -7.068792502991252, -5.600908804531386, -4.620238276813539, -4.260548909033474, -4.346797637852604, -4.61833560130226, -4.87288205480327, -5.016119848526156, -5.044241194308418, -5.000379268722788, -4.934052144383944], "experimental_currents": [-3.05e-08, -5.52e-08, -1.02e-07, -2.38e-07], "optimizer_name": "sgd"}