{"epochs": 30, "logdimkeq_initial": -3.4334782939996966, "logdimKf_initial": 5.543502842242738, "lr_initial": 0.0001, "lr_effective": 0.0001, "logdimKeq_guess_history": [-4.188399684498524, -4.6244058863165955, -4.690943753387535, -4.548749141025739, -4.385101386764984, -4.295416661868113, -4.287813482721748, -4.3262838519601035, -4.370577038142709, -4.397745389114019, -4.404255730408576, -4.397973379770801, -4.388794042660255, -4.38298175179448, -4.382062483749668, -4.384497991324463, -4.387947793429497, -4.390766139340198, -4.392421825464744, -4.393187253044318, -4.3936089395048885, -4.394116135696177, -4.3948804661528635, -4.395865668780421, -4.39694873272291, -4.398020346074943, -4.399028557146165, -4.399974003039517, -4.4008832673045175, -4.401783653743895], "logdimKf_guess_history": [5.445247603206376, 5.378360391862929, 5.412431215089725, 5.5062083953056185, 5.591678852952276, 5.6390303771970824, 5.652205519508739, 5.646787570548235, 5.637433606302564, 5.632735188662573, 5.634549008713426, 5.640474540322786, 5.647207998472069, 5.652658673679932, 5.656357018654321, 5.658862073213994, 5.660988664901494, 5.663306138305928, 5.665999876988067, 5.668978881794036, 5.6720577080675065, 5.675090793890051, 5.678020325928113, 5.680859042262993, 5.683648938703504, 5.686427213136656, 5.6892115711396976, 5.692001915720633, 5.694789405357604, 5.697564972844731], "loss_history": [2635.4993803291636, 49.4827405040094, 269.5405595536572, 353.6763599674749, 110.31084942682942, 10.976194428983636, 25.657756644984843, 30.16389570782642, 16.714195284485015, 9.742981740405275, 10.11892216150274, 10.576404713606872, 9.82690204159189, 9.296862991912073, 9.23588483258257, 9.228214287230333, 9.146615320929627, 9.066628736528825, 9.015429087037093, 8.97124741117685, 8.923354148927885, 8.875188429172976, 8.829062278107019, 8.783983761148345, 8.739150639745644, 8.694667435474399, 8.650697917031788, 8.607202874163136, 8.56412064100492, 8.521445349230216], "grad_history_1": [7549.213904988277, 585.4550656865747, -1514.6523383809606, -1754.6354589726693, -925.5044807985621, -78.6084776649379, 372.3918330207091, 422.7195881153796, 250.58001563428013, 50.217578800061425, -70.73834191096937, -95.37521285054025, -60.38161791658389, -12.22622310501624, 19.868773880753476, 28.951415972009322, 22.32048317636174, 10.934448581847011, 2.465131691949717, -0.6241548269934574, 0.3897267078353311, 2.963529610038774, 5.107323610415118, 6.03037399214545, 5.904626287102338, 5.300813807883626, 4.72404395206345, 4.413403577409982, 4.36541318324293, 4.45754306876731], "grad_history_2": [982.5523903636249, 177.59591825265645, -675.1442889852018, -767.4176860249491, -385.81867538710355, -46.16295421478323, 105.00619810747081, 120.0552011633145, 66.44989765418913, 0.214355171560066, -41.630288708488564, -50.1862158393312, -37.70692344603779, -20.8394613322076, -9.730073704576274, -6.558820724789735, -8.740644076638562, -12.541775606829354, -15.350019799222736, -16.32135464899278, -15.893238704858389, -14.936726858098709, -14.129891267894124, -13.739503158487857, -13.70538273071236, -13.833262128963803, -13.952207864654019, -13.981655794146814, -13.923173465028277, -13.818226686418113], "experimental_currents": [-3.05e-08, -5.52e-08, -1.02e-07, -2.38e-07], "optimizer_name": "sgd"}