{"epochs": 30, "logdimkeq_initial": -6.456551577439319, "logdimKf_initial": 3.739226746933685, "lr_initial": 0.0001, "lr_effective": 0.0001, "logdimKeq_guess_history": [-6.075497394490119, -5.390182171748616, -4.457360185389421, -3.796889186454585, -3.748295772769618, -4.064713978459829, -4.333687365909714, -4.4367056785274945, -4.408805253680317, -4.334716991184043, -4.279208932834891, -4.263846804360517, -4.277929158476242, -4.30046310924853, -4.316496465508262, -4.321902136416723, -4.320067902622051, -4.316380136212591, -4.314457290269005, -4.315184949789025, -4.317637871721441, -4.320465743145695, -4.322797875139144, -4.324446438907023, -4.32565893213333, -4.326773817994907, -4.328003401556283, -4.329389962500054, -4.330869956892351, -4.332359302640545], "logdimKf_guess_history": [3.9396455734211657, 4.321294356574893, 4.87680106359074, 5.259835845141154, 5.379461911540076, 5.362826680942512, 5.3209800205824695, 5.315590446046583, 5.349317808112891, 5.393606655711773, 5.425456428368255, 5.439234977056799, 5.440603822969213, 5.437992257168318, 5.4372948640762555, 5.440302305295136, 5.4458735368755145, 5.452038731969391, 5.457472418948385, 5.4618659902019555, 5.465576643143919, 5.4691121957732225, 5.472798902744569, 5.476708074666628, 5.480748854387938, 5.484796559954563, 5.488773290262942, 5.492663970363638, 5.496492448067343, 5.500290009948382], "loss_history": [13254.786367577908, 11100.988235365283, 5952.8016841075905, 411.5348518990315, 585.7538249975529, 826.0341516741083, 132.14235641881533, 27.169037796369206, 85.75657771919644, 55.546287284082176, 18.307642780554943, 15.446139040537911, 18.599546802194915, 16.037293030422262, 13.721357942071592, 13.563021979900167, 13.644622703703572, 13.370204489464248, 13.14111193845698, 13.047209860698326, 12.963377864531957, 12.858854506590163, 12.759605277280244, 12.66981911948077, 12.58148711355841, 12.49294247991399, 12.405808417898363, 12.32027682585171, 12.235832661183423, 12.152366841799253], "grad_history_1": [-3810.5418294919987, -4947.881312669038, -5901.643749884434, -1940.6000575523822, 2816.4208578245098, 3407.1491253269496, 1107.642846047796, -314.683811071624, -794.0958115606772, -601.3805007268497, -184.63927101015236, 123.9190070020195, 217.63418352912538, 154.92773714425144, 47.66380873588116, -26.1100722140533, -45.370692489026624, -27.706495121231733, -0.7896273885646797, 16.89082491812853, 20.89092172406441, 16.014104580457705, 9.181962813221826, 4.82497771154475, 3.8821134236826156, 5.086392484226856, 6.7214063058777995, 7.717691630824173, 7.867139204120613, 7.493485520453958], "grad_history_2": [-2004.1882648748056, -2814.393699099875, -3646.823154389836, -1052.8142804249, 718.9132437628439, 764.4826379702491, 335.2904506126075, -155.3375564413481, -364.2214933425172, -274.25166565727596, -97.05348857041454, 21.463376396971604, 55.20428431857996, 32.95988757102303, -6.083898083852797, -33.56137764911623, -40.67510970938042, -33.79579303687184, -23.510894320566937, -16.767277640722618, -15.138673151783665, -16.80226158322027, -19.189306566944047, -20.65818436386078, -20.861937602807963, -20.27315705969112, -19.528775250666932, -19.02314946506857, -18.83137653356866, -18.833230291869672], "experimental_currents": [-3.05e-08, -5.52e-08, -1.02e-07, -2.38e-07], "optimizer_name": "sgd"}