{"epochs": 30, "logdimkeq_initial": -6.521610797210046, "logdimKf_initial": 6.5505096492862105, "lr_initial": 0.0001, "lr_effective": 0.0001, "logdimKeq_guess_history": [-5.725478976606275, -4.5973004586566635, -4.049745873031334, -3.990564167362393, -4.2053795085437855, -4.460868515840971, -4.649121141799527, -4.738434748435424, -4.742763072623912, -4.702908274919555, -4.657607223577438, -4.62743345015794, -4.616188535908861, -4.618568011771375, -4.62692567767082, -4.635239028436125, -4.6404851573083, -4.64227290102278, -4.641693157333491, -4.64017730087389, -4.638790617664468, -4.638016377567688, -4.637867101754743, -4.6381159477470435, -4.638501146066683, -4.638840936888463, -4.6390612992998035, -4.639169675593351, -4.639211481763954, -4.639234223041233], "logdimKf_guess_history": [6.5839397817369605, 6.668376043741008, 6.708089277605562, 6.704802755593853, 6.678591606608622, 6.646108883589997, 6.6202808197793654, 6.608451818364601, 6.609833275576393, 6.618101060327258, 6.626891642004832, 6.632831072653328, 6.635387219682436, 6.63554277360801, 6.634640148945534, 6.633725459260779, 6.633325393799287, 6.6335123904206075, 6.6341021225611625, 6.634850400555311, 6.63557527721087, 6.636194371181429, 6.636705813011405, 6.637148569045635, 6.637567482092445, 6.637993669657857, 6.638439784010457, 6.6389045446133625, 6.639380204318564, 6.639858655018856], "loss_history": [10240.438106880647, 3525.822406375915, 5.61546823231493, 612.155183167409, 747.0321388537845, 325.66232259757396, 57.14076382318248, 2.147884945189563, 22.492824268391242, 24.17218699223545, 10.26809243053943, 2.5842175083755285, 2.005542478886553, 2.6915912403567424, 2.512741745478378, 2.033727723106805, 1.8145329095178315, 1.8087087326113505, 1.8285187522691944, 1.817891814272218, 1.8008289534927853, 1.7937072957485851, 1.7928968450375904, 1.7923211918455033, 1.7907417632655713, 1.7890898844378875, 1.7877935002507084, 1.7866796440153265, 1.785562562786813, 1.784413268514915], "grad_history_1": [-7961.318206037714, -7301.126076477255, 165.3467334947611, 2145.9558714372347, 2444.0619401586328, 1480.813367064893, 605.0812230996265, -48.12706343380912, -403.28479129459566, -420.18959798600986, -253.73652489938823, -75.23247748438929, 38.41972460668893, 80.01932987053861, 71.67927968187844, 41.345178155823895, 10.894534895224966, -8.353207216067863, -14.73615546529651, -12.259846149570082, -6.28754979620394, -0.8089849206965634, 2.3784423544561486, 3.234838987723095, 2.607753234895974, 1.4719166196008422, 0.5046700045059697, -0.01804912122716094, -0.12381976170713631, 0.01838191977183853], "grad_history_2": [-334.3013245074958, -677.2119577867253, 25.048971374689874, 231.43138943986185, 245.67887979376826, 193.7714852600982, 95.86702301318432, -10.850304905502975, -72.95957919174793, -75.77056144969475, -46.56689302141365, -15.441398097094181, 4.135682951399176, 11.225195889805578, 9.804016252618947, 4.633773535175894, -0.572793808855903, -3.8702935206724343, -4.962338298946399, -4.534119238709106, -3.507376584847531, -2.5665564278058257, -2.0189484469562475, -1.8703511924231675, -1.975350296940723, -2.16731042007287, -2.3302056989425455, -2.4170342660524597, -2.432794037490097, -2.4062084769165617], "experimental_currents": [-3.05e-08, -5.52e-08, -1.02e-07, -2.38e-07], "optimizer_name": "sgd"}