{"epochs": 30, "logdimkeq_initial": -4.458815768271476, "logdimKf_initial": 5.419842162837925, "lr_initial": 0.0001, "lr_effective": 0.0001, "logdimKeq_guess_history": [-4.389885725334375, -4.322341116286827, -4.290471185383698, -4.293347146664404, -4.3128909649987115, -4.331655529838943, -4.341341254445753, -4.342359175129929, -4.339243554548765, -4.336311638844153, -4.335615856523776, -4.337058172016016, -4.339520134229085, -4.341932542449216, -4.343781939289263, -4.345086047273972, -4.346118235156085, -4.347144140902155, -4.348294635308384, -4.349569159011581, -4.350902074347223, -4.352227614207684, -4.353512211730525, -4.354754792218158, -4.355971023625213, -4.357177320554355, -4.358382524912683, -4.3595874601131985, -4.360788600448836, -4.361982007975244], "logdimKf_guess_history": [5.4500553513201115, 5.480241386708338, 5.496853246377618, 5.500612215641493, 5.49818584442239, 5.495879875638466, 5.496774911955442, 5.500779966045085, 5.506249766404975, 5.511606542393555, 5.5161083378293965, 5.519799065123005, 5.523090060887604, 5.526371805045122, 5.529831746419067, 5.533464013497282, 5.537169882875638, 5.540853564265965, 5.544468153764666, 5.548014223443016, 5.551515729864563, 5.554996591490035, 5.558469097042048, 5.561933856207951, 5.565385483405706, 5.56881833695364, 5.572229490509724, 5.575618879283557, 5.5789879818127694, 5.582338415489829], "loss_history": [67.48099771851795, 25.539840619320653, 12.54193016073318, 16.097812213226533, 15.733345792759037, 13.020768030286671, 12.16027265076564, 12.305862651011417, 12.203105839531444, 11.95877236045997, 11.830919216521746, 11.76639093209433, 11.6876797507588, 11.600995662016832, 11.522290095969725, 11.448455124745413, 11.374634354499126, 11.30110427755285, 11.228849148825809, 11.157696047250045, 11.087331246070358, 11.017751687125983, 10.949005353725301, 10.881070892502152, 10.813917273244755, 10.747530542250209, 10.681902994170109, 10.617021537807776, 10.552874410608378, 10.489449698147453], "grad_history_1": [-689.3004293710105, -330.7958757899778, 19.023736206447975, 188.10926732270437, 181.05837693954382, 89.92655673078184, 3.0344218669462766, -38.24941619229281, -36.24580923252651, -13.74105414029574, 7.701755319294751, 17.902066524285043, 17.408044669481566, 11.814271135967523, 6.431927299815605, 3.794095646849663, 3.801338897595288, 5.098118050127467, 6.375415331937207, 6.99276500082515, 6.956534840443196, 6.590821926396045, 6.218275926105257, 6.00281726212808, 5.949411632382008, 5.9818122561443055, 6.02055893756961, 6.02333021351824, 5.986727353798999, 5.928373585887484], "grad_history_2": [-302.131884821859, -150.79441147132908, -15.188419751674054, 45.46960570764098, 43.0585585104102, 10.927831743723132, -20.48020708937981, -35.57535931154908, -34.672733150686305, -26.218758086348476, -18.23407441550804, -14.398295756875505, -14.456321177954102, -16.36246275218036, -18.190692951858743, -19.02296391242411, -18.897358392487767, -18.30746701148762, -17.72748803537371, -17.387749289996187, -17.284715823711913, -17.301084146986003, -17.32074739276839, -17.285063898972147, -17.192476148026316, -17.070399490578097, -16.947267821153204, -16.83811995791352, -16.744081422960793, -16.658824124538], "experimental_currents": [-3.05e-08, -5.52e-08, -1.02e-07, -2.38e-07], "optimizer_name": "sgd"}