{"epochs": 30, "logdimkeq_initial": -4.9337966971556, "logdimKf_initial": 4.122404697338831, "lr_initial": 0.0001, "lr_effective": 0.0001, "logdimKeq_guess_history": [-4.395602750922693, -3.8474764079393395, -3.732122291937431, -3.9656871522656925, -4.176397147604526, -4.23678387773155, -4.191010829145379, -4.127420059092816, -4.100786924898236, -4.113580273023467, -4.140127546745285, -4.1584171339458535, -4.162936620812873, -4.159791336999378, -4.156876375076053, -4.157924154149882, -4.162217136210895, -4.167299936994685, -4.171429671033982, -4.1743225812899105, -4.176594547961697, -4.1789194409538775, -4.181578779243594, -4.184485179524045, -4.18742358202232, -4.1902491503660535, -4.192941243907003, -4.195553560411593, -4.19814403653736, -4.200737734948602], "logdimKf_guess_history": [4.4910599153407125, 4.8417323782953305, 4.966353427347052, 4.947141985383663, 4.907203155283993, 4.912529891854137, 4.955431286332019, 4.999748127090842, 5.024370629614656, 5.030611442501969, 5.029973210027221, 5.031999515475651, 5.039352714984132, 5.0496492805938225, 5.059652909582204, 5.0678593518253985, 5.074601777967468, 5.08091483132656, 5.087529645959888, 5.0945692843371795, 5.101781882242717, 5.108891088293473, 5.115782814405185, 5.122494922431295, 5.129117441663555, 5.135711218230696, 5.142285943945192, 5.148820794172907, 5.1552932355399905, 5.161694191041167], "loss_history": [4116.361926904879, 785.9121201174917, 204.03709508176343, 545.8379210490532, 98.70951354087421, 50.866596588977295, 85.7169780964373, 45.51594788436684, 28.61395957393392, 33.2284202273471, 30.577058045350835, 27.240561030016963, 27.11957307278714, 26.869751706706722, 26.173208209209072, 25.78732531185097, 25.514717079182795, 25.18264469190838, 24.865659612710395, 24.5779502885066, 24.292687270671028, 24.010313771746166, 23.735963832022723, 23.467554284428452, 23.20381791603627, 22.94521613320717, 22.691692993784628, 22.442918482627977, 22.19877470000277, 21.959184002048097], "grad_history_1": [-5381.939462329071, -2790.2936986690006, 1587.0905548976841, 2912.419183292155, 939.2756517470276, -449.6826754239248, -759.6641364968276, -407.04245759478584, 51.62250831701324, 261.0991522252111, 201.50599659202734, 50.159503396595376, -46.25306733264329, -54.05027247005033, -13.423200165768367, 25.05260035490757, 37.69092524099469, 29.36309753283421, 15.88333647401661, 8.280432362799914, 8.255115438222782, 11.889096562870371, 14.968917936268543, 15.767311355920743, 14.852023580494404, 13.563670945965573, 12.793093690831052, 12.662697341145316, 12.843178734717819, 12.984603483584921], "grad_history_2": [-3686.552180018822, -1663.4485395367665, 507.1518242558771, 815.219664892497, 303.3310911797529, -252.96151619979833, -402.3802619280983, -228.66143519881888, -24.64082144402415, 60.70438374593838, 37.58638918404099, -23.454216858036293, -63.400467842658884, -66.19965855449996, -48.55346183536557, -32.046277490035706, -26.392050204716583, -29.418402880578768, -34.582879537817156, -37.3223106062721, -36.92778716892348, -35.02907097987187, -33.37123086334111, -32.66244970253183, -32.66465219206513, -32.82516951010264, -32.77837430924524, -32.47487370467783, -32.05016253225754, -31.64734817634069], "experimental_currents": [-3.05e-08, -5.52e-08, -1.02e-07, -2.38e-07], "optimizer_name": "sgd"}