{"epochs": 30, "logdimkeq_initial": -5.827460228266188, "logdimKf_initial": 2.6238234306720964, "lr_initial": 0.0001, "lr_effective": 0.0001, "logdimKeq_guess_history": [-5.519430788885902, -4.959785962168989, -4.115431249136168, -3.334505847519331, -3.6810072164089354, -4.070781017570357, -4.1447242964537985, -4.03457567627202, -3.935753261282213, -3.936338393072956, -3.994020439432449, -4.038335064716079, -4.04601740855494, -4.033973372734222, -4.025448745625352, -4.029093025883361, -4.0396266895281885, -4.049041915681325, -4.054186229967652, -4.05667516384635, -4.05924494076212, -4.063139706602375, -4.0679465472679315, -4.072746275537769, -4.077048974049033, -4.080934277991929, -4.0847044137293915, -4.088553707924082, -4.09248486438678, -4.096405224447948], "logdimKf_guess_history": [2.8493996411176394, 3.2610089614894955, 3.8742858662642967, 4.393632240511742, 4.4751619350551035, 4.447689133753876, 4.502074601043048, 4.611766537375347, 4.694019144435094, 4.7215389347313295, 4.718685840572728, 4.717344299314517, 4.729676796887928, 4.749370402698631, 4.766698175567975, 4.778256625070018, 4.78650422300242, 4.794965572717658, 4.805053889960122, 4.816101650953645, 4.8269434520018075, 4.837054811206686, 4.846621086551761, 4.856042094857246, 4.8655320726846725, 4.875060292669869, 4.884500390114337, 4.8937722125979315, 4.902877489002048, 4.911858507927356], "loss_history": [13661.47193630855, 11974.400340062595, 7739.113931525342, 1073.885518967483, 1747.3378262643646, 296.8313012072643, 172.92305214268504, 231.22053888237357, 65.83793520714768, 63.0948045533665, 66.94204232309548, 45.842698362805734, 45.769079236475974, 45.299381989573575, 42.12660742600739, 41.46013204028763, 40.84742691295187, 39.89006819532108, 39.24327841902879, 38.63589380363437, 37.995120286503024, 37.40207482866437, 36.83040021269942, 36.26650370192911, 35.71973127139515, 35.18774554691951, 34.667917590853605, 34.160892971110925, 33.66626325324022, 33.18332241597554], "grad_history_1": [-3080.2943938028498, -4056.3010702677066, -5645.322996743647, -3587.4804510042586, 7369.640696980223, 2165.231167166194, -1209.4362169726883, -1471.2025962349949, -437.48104898917836, 499.9633928564701, 573.8948046412105, 154.7360210388337, -144.74968802953586, -158.85207740148672, -25.026091985114697, 79.06593812444221, 87.11523515822985, 41.48394330722714, 4.36701209757711, -0.832232644645531, 13.253099764207636, 26.09877382370101, 28.594577454284117, 23.96307937059571, 19.028343763452842, 17.3395468726436, 18.27483766014641, 19.642263259595254, 20.065093653523867, 19.547818298196074], "grad_history_2": [-2255.7621044554303, -2988.212151490847, -4074.72244588873, -2127.079218600447, 1781.4349258036143, 682.3764857290807, -681.2186793978558, -824.9920268771392, -274.066388935968, 136.0651323363765, 166.12989306719322, -0.8500582108981689, -130.0326820251634, -135.2735702399765, -74.80969963993084, -28.945630673705026, -24.683731813810645, -43.37550749036457, -58.57642384844775, -60.03602372292084, -53.17920551400165, -46.9045868079784, -45.10595742635754, -46.378706329468784, -47.79473674683779, -47.83231071483476, -46.759874518696435, -45.51773761360368, -44.69365162319554, -44.28380723249194], "experimental_currents": [-3.05e-08, -5.52e-08, -1.02e-07, -2.38e-07], "optimizer_name": "sgd"}