{"epochs": 30, "logdimkeq_initial": -6.389473187815294, "logdimKf_initial": 2.0669403195136944, "lr_initial": 0.0001, "lr_effective": 0.0001, "logdimKeq_guess_history": [-6.231911982793858, -5.965427884130817, -5.582779193401956, -5.030412879352858, -4.218044725836555, -3.3217269634449815, -3.570046100542318, -3.996776514916014, -4.081253870540208, -3.9604555670959054, -3.860304630044339, -3.877495218675036, -3.946797243537433, -3.9868492956839523, -3.984495927303652, -3.9687102082972925, -3.964778470938647, -3.974985707558869, -3.9882982503252737, -3.9965899130590445, -3.999940963371231, -4.002354497652234, -4.006495610760744, -4.012217580771601, -4.018118151980642, -4.023306318189857, -4.027849722830633, -4.032232742146937, -4.036766385089774, -4.041436517137922], "logdimKf_guess_history": [2.1766139173416224, 2.363447726914321, 2.6347653087396985, 3.0310296703334996, 3.6120100139599445, 4.20465432223423, 4.32273823689906, 4.289761661153808, 4.346399624480488, 4.4669581701517815, 4.5540574285052475, 4.578400227003535, 4.573671663281081, 4.576870588085041, 4.596268957770698, 4.620090452230233, 4.637772074605656, 4.64873487706392, 4.657925531451164, 4.668967854434487, 4.681892867745652, 4.6949876806318915, 4.707113554423262, 4.718348478819783, 4.729309156379754, 4.740388388066027, 4.7515623062238195, 4.762625805866516, 4.773448716286669, 4.78404133108163], "loss_history": [15839.874747027856, 15436.24701000508, 14568.961844489148, 12817.580491072707, 9040.131752310233, 2192.2728704788533, 1501.2882861747737, 461.15306175780415, 192.07139779130884, 268.84153374386153, 74.14648166951625, 84.27578250668765, 77.67322104284383, 54.805488856174094, 57.88444836645094, 54.354802073922414, 51.1498444448291, 50.77085202906551, 49.41150794892491, 48.29105413501111, 47.49165303363677, 46.58560381281835, 45.741955489277004, 44.95383087173443, 44.17172811146943, 43.41638142192675, 42.68549326364085, 41.972499361713474, 41.279270447786914, 40.60500252019367], "grad_history_1": [-1575.6120502143524, -1877.034961523242, -2494.0664139733935, -3610.4196868466743, -5361.849964917544, -4901.336856334222, 6964.780182931235, 3025.7084582502744, -1288.8785156265337, -1630.369812563998, -397.5178532941522, 672.6605715648005, 607.0673054704881, 54.01039715320498, -223.7939445355971, -146.09034816209567, 39.61122144534304, 121.731052995447, 82.08924456293552, 16.353913505686496, -7.947810546993403, 7.380091249097726, 29.34345968009701, 36.51413456601283, 30.395862036117233, 22.37880604695727, 19.493215361680058, 21.113169959160057, 23.421332846854934, 24.033105767289165], "grad_history_2": [-1096.7359782792782, -1319.9701065873458, -1779.0067703902835, -2606.055706811124, -3828.481628295442, -3021.5413646106317, 1782.3823947231363, 920.1853307766692, -731.262511993066, -922.3956400795335, -268.1998551781939, 192.06830678444953, 168.99962971598464, -55.632066651868016, -177.98907283676937, -141.22309616707082, -57.708751456546466, -21.219912705530096, -37.09253158111195, -64.46995789702063, -74.03851819502844, -66.32306230657593, -55.78467348250502, -51.71987500836259, -53.432153617107936, -55.988929062870945, -56.34302314656535, -54.76540563799652, -52.91160598805167, -51.8115958488379], "experimental_currents": [-3.05e-08, -5.52e-08, -1.02e-07, -2.38e-07], "optimizer_name": "sgd"}