{"epochs": 30, "logdimkeq_initial": -6.153072707889848, "logdimKf_initial": 5.196449708500541, "lr_initial": 0.0001, "lr_effective": 0.0001, "logdimKeq_guess_history": [-5.416291754468864, -4.479456552256364, -3.973891910380609, -3.935651062220085, -4.15705596602523, -4.3870375746014485, -4.518859518078968, -4.544511067881918, -4.5066754776827755, -4.455450064283024, -4.421189997105518, -4.411023566449263, -4.417762251731705, -4.430368492848734, -4.4407322709339665, -4.445760147840442, -4.446234215861944, -4.444538287384624, -4.44281089654917, -4.442130165054903, -4.442573775058527, -4.443687147990764, -4.444949128250726, -4.446032993402298, -4.446851684290142, -4.447475760294572, -4.448023715637976, -4.448586372275272, -4.449201228199135, -4.449862883498668], "logdimKf_guess_history": [5.371672636175317, 5.660055645414289, 5.818963806868223, 5.8528438955502295, 5.82203157262512, 5.776721438053771, 5.75009355976178, 5.75171718053215, 5.771058215284115, 5.792751329967468, 5.807651783915216, 5.8141712084613095, 5.814998173094065, 5.813771594101656, 5.813122110729611, 5.814081249568617, 5.81643608745025, 5.819448935615348, 5.822452150831673, 5.82511099886492, 5.827404385232992, 5.829476762897772, 5.831492271380171, 5.833553555926641, 5.835688022849161, 5.837873733006238, 5.8400738009087485, 5.8422600171121815, 5.844420809208582, 5.846557948995044], "loss_history": [8562.328056089598, 3083.8826315106044, 25.628314215076934, 473.9377773980193, 576.7322327702857, 173.1239336719338, 10.86525712234506, 27.51670223440765, 38.90432132634135, 20.273635158645565, 8.075155457717823, 7.562672699692513, 8.62757134996177, 7.934880358591026, 7.0863723593796895, 6.887944880174221, 6.927949296790624, 6.893675731418876, 6.81964021170874, 6.773782187780734, 6.748876757837991, 6.723492055941289, 6.694862841949668, 6.667068892523042, 6.640879562491817, 6.615150952767094, 6.5894213164903395, 6.563855624421606, 6.538561595949561, 6.513494881411807], "grad_history_1": [-7367.809534209843, -5684.447255020074, -371.47040769505315, 2145.4147277735333, 2405.253278854072, 1192.7915667364591, 168.31139189410436, -402.594219358099, -506.61365100617246, -323.0761830018031, -86.47360477629815, 69.63602932497017, 118.21900610570013, 92.36898475808675, 40.60657526717583, -1.540121361408632, -20.39870431736138, -19.3296248807016, -8.794265967952198, 1.8296392346071875, 7.83975750757942, 8.915679304250311, 7.052937938429443, 4.528750215916823, 2.767583120581911, 2.1473056050772397, 2.359173411885105, 2.8867896559385984, 3.3352760521531932, 3.542273376022739], "grad_history_2": [-1752.2292767477559, -2007.715454015843, -147.16656834448108, 455.7399204496046, 477.52367266113174, 299.0397310879314, 39.72811006317335, -149.37559916366516, -185.2922436677913, -120.22597307370754, -40.53896606071434, 9.308024277802856, 24.327476402906232, 16.40061308787727, 0.3619387583983892, -12.838805250281439, -18.75268462130238, -18.35429224281786, -14.967911337748555, -11.57240425085573, -9.639623514477709, -9.25684480744345, -9.793196500084717, -10.535303052711143, -11.038246492849407, -11.184766958172219, -11.072128239720705, -10.861822521779215, -10.676839946841504, -10.567437382609956], "experimental_currents": [-3.05e-08, -5.52e-08, -1.02e-07, -2.38e-07], "optimizer_name": "sgd"}