{"epochs": 30, "logdimkeq_initial": -3.244683312600757, "logdimKf_initial": 5.520223658065623, "lr_initial": 0.0001, "lr_effective": 0.0001, "logdimKeq_guess_history": [-4.387436553722433, -4.918952066037347, -4.886667014736049, -4.610956569096789, -4.376434897562678, -4.277927067705883, -4.294194243131892, -4.362146858402676, -4.427071840203421, -4.462791880181331, -4.468715650945944, -4.457592713718835, -4.443295092073141, -4.434087293152317, -4.431808251711521, -4.434315376914039, -4.438433621572724, -4.441866562729151, -4.443763344817091, -4.4443689151347225, -4.444368762139911, -4.444368325259718, -4.444668316535077, -4.445286091210974, -4.446090135141121, -4.44693206965656, -4.447719798899882, -4.448429444667567, -4.449081580926839, -4.449710027397915], "logdimKf_guess_history": [5.406121046541124, 5.367298414677452, 5.477659169331441, 5.639536786800378, 5.757746394762646, 5.8122759717223325, 5.821897397094219, 5.810618310599416, 5.7968283761936865, 5.790177073888899, 5.791982546321779, 5.798708059947205, 5.806130297920529, 5.811743734564746, 5.8150597012793765, 5.816808387980171, 5.818014144883413, 5.8194114930481025, 5.821274966666837, 5.823531044338392, 5.825965769369205, 5.828389824661388, 5.830709533212914, 5.83291995124334, 5.835062526514937, 5.837183788570777, 5.839312570205834, 5.841456372896922, 5.843608847463029, 5.845759538430214], "loss_history": [4378.917717245371, 31.95491754441012, 937.8983211659308, 717.6124022978952, 118.53599534624385, 11.940790490552965, 59.63621654530191, 51.065500216343594, 18.884075720064317, 7.224444633738999, 8.948907900955216, 9.620737047628753, 8.019742712818985, 7.027604510645842, 6.9724221141533285, 7.0305381937080496, 6.945224727579129, 6.851163164232263, 6.810799587779583, 6.789148646689712, 6.761425059787605, 6.730828993678447, 6.702780108584048, 6.6765964103655016, 6.650545573166507, 6.62442516479905, 6.598563876240483, 6.573016958009417, 6.5476888904829895, 6.522540207042505], "grad_history_1": [11427.532411216764, -398.61108245924294, -2980.428074587548, -2595.679199886106, -966.6644871448098, 187.53005910260353, 655.2109035440602, 598.1902755778002, 309.48674165353356, 32.575490775364436, -119.36249224341326, -140.84822609415252, -87.36153032139865, -20.589880979763716, 23.24858019615692, 36.466459229162425, 28.646820574254445, 13.73818827085496, 1.8031150972566041, -3.4282072633847145, -3.029381536271558, -0.0036038278749055334, 3.0020971545597934, 4.677790382168934, 4.951565921988665, 4.399125503649064, 3.667619856020921, 3.1578114602412484, 2.973133754294623, 3.023783414398668], "grad_history_2": [1141.0261152449898, -182.28673898578285, -1297.7207058582494, -1066.972401419424, -372.7079922779883, 45.752270214470386, 176.43363107956688, 160.89799180746076, 81.50391158328318, -2.4366489807730902, -51.311235852734946, -58.22777408985821, -40.594811606105104, -19.023176575551737, -5.092483925220048, -0.9070334347859041, -3.314135528448948, -7.944697130693494, -11.647995363897577, -13.243408621871506, -13.0668619503587, -12.066927767759989, -11.076809054354708, -10.505637546619969, -10.373662563848404, -10.49974420040776, -10.68150607136948, -10.794118735594262, -10.80573220562864, -10.744536841320585], "experimental_currents": [-3.05e-08, -5.52e-08, -1.02e-07, -2.38e-07], "optimizer_name": "sgd"}