{"epochs": 30, "logdimkeq_initial": -6.531370780558541, "logdimKf_initial": 4.076974685116532, "lr_initial": 0.0001, "lr_effective": 0.0001, "logdimKeq_guess_history": [-6.096817022879167, -5.320358231772863, -4.355673471222126, -3.7899916760176904, -3.8152015045492598, -4.123310845193968, -4.371565380776267, -4.465940774669749, -4.440298892925656, -4.371198441039893, -4.317426678808197, -4.299659979613847, -4.309821910301836, -4.329743072178155, -4.345423830931241, -4.351945242269972, -4.351356496627364, -4.348171565391748, -4.345907999924442, -4.34585612148722, -4.347564568009912, -4.349938423006194, -4.352100650462281, -4.353712788936569, -4.354870230987961, -4.355837869741087, -4.35683589219004, -4.357955104431537, -4.359177821738459, -4.3604409897170475], "logdimKf_guess_history": [4.258641983071104, 4.619275428721129, 5.123966684895133, 5.41749938215924, 5.493561342655453, 5.465271464321884, 5.423001707998456, 5.415846833332892, 5.444205283433613, 5.482954844452995, 5.511744308133676, 5.524970231128891, 5.526929940640531, 5.524706437471905, 5.523601525828369, 5.525586410021249, 5.530027262696721, 5.535330203207186, 5.540242928306726, 5.544315774595146, 5.547722036051913, 5.550860847726809, 5.554049831223606, 5.557411795741448, 5.560913207580653, 5.564459588641459, 5.567972547835814, 5.571420025706408, 5.574808663105222, 5.578161194940885], "loss_history": [12910.977210189316, 10330.263094502436, 4511.857475321218, 94.18487522662345, 718.8565984672898, 694.889032681644, 103.7118891920865, 23.71557152630828, 73.7726114309709, 49.223490158136485, 16.639239856706524, 12.763356808938017, 15.652153288067247, 14.007647083592204, 11.925040761485262, 11.594411161358508, 11.703576853728206, 11.538736631731677, 11.340395377032166, 11.249811995935163, 11.189735323899157, 11.114156755031347, 11.036594373408182, 10.966303187319664, 10.898878150133058, 10.831286756666382, 10.764228199877357, 10.698307306310445, 10.633279708458215, 10.5689365188541], "grad_history_1": [-4345.537576793746, -5591.819122666168, -5764.553649975851, -833.3941492906683, 3080.5072613378693, 2955.0442637892365, 941.9986525994425, -297.5187389766705, -728.2957869083328, -562.7951101371735, -192.21536288814247, 91.1918192149777, 190.45280285164176, 148.4019653232397, 57.201778149274055, -13.18968037812492, -38.49451311972955, -28.90558414311991, -6.710998494984099, 10.799042964305867, 17.34385741303794, 15.19631734936153, 9.752999579449302, 5.310247462459767, 3.5137281424791635, 3.8891772742947937, 5.142030723903437, 6.202010170198741, 6.631111861745821, 6.518093251271644], "grad_history_2": [-1816.6729795457225, -2697.997966727382, -3243.7453334899183, -411.8706917710475, 707.0438813584024, 663.2085858167604, 281.2481715664325, -139.80003496150167, -319.3588743350259, -245.70335969021767, -94.14683170989673, 11.688088451252618, 46.53251985967647, 32.033579244457556, -0.06839940776359571, -25.373400146479177, -34.48410579032072, -30.825141727290685, -22.612548443071432, -16.16483738651103, -13.698383125559301, -14.356809465130887, -16.195776593497435, -17.674727694424547, -18.204295802849447, -17.956751412036873, -17.397686639512703, -16.909982734172765, -16.648984635168777, -16.582131362558908], "experimental_currents": [-3.05e-08, -5.52e-08, -1.02e-07, -2.38e-07], "optimizer_name": "sgd"}