{"epochs": 30, "logdimkeq_initial": -6.618432519495819, "logdimKf_initial": 4.572089126163459, "lr_initial": 0.0001, "lr_effective": 0.0001, "logdimKeq_guess_history": [-6.105419460282036, -5.196642972034671, -4.244556710343645, -3.7949557671820298, -3.893036704729207, -4.1928487395155205, -4.419814364777085, -4.503863343180154, -4.478904207382036, -4.414120966424605, -4.362279598568717, -4.342619851370634, -4.349128912748089, -4.366288970579063, -4.381263881486926, -4.388638859414854, -4.38926617664208, -4.386733343045017, -4.384306873953628, -4.383559269583134, -4.384482636767876, -4.386286738750358, -4.38816206433716, -4.389668214545696, -4.390754533867137, -4.391588323463396, -4.392367617405566, -4.3932136617958175, -4.394153126678466, -4.395153205705769], "logdimKf_guess_history": [4.712563735758317, 5.018263899406562, 5.412819842516037, 5.602956312543753, 5.632527324908153, 5.591519035482625, 5.54860159020263, 5.539973496893182, 5.563240771202631, 5.596348301414543, 5.6216751840710675, 5.633928916522035, 5.63624686158467, 5.6344016877616525, 5.632998139288022, 5.634042283858535, 5.637325176438797, 5.641642156993355, 5.645880516931984, 5.649509501688256, 5.652539923552664, 5.655247488488294, 5.657911817286405, 5.660684770313471, 5.663584191151752, 5.666553156586986, 5.669524267425117, 5.67245641172561, 5.675340737790269, 5.678188595962522], "loss_history": [12520.426236800015, 9227.016576869019, 2703.92839612668, 21.5758642937658, 829.7272504635952, 567.4353024858535, 76.1104326507336, 21.15968751396904, 63.38515281567365, 42.803072686800874, 14.62809209657991, 10.17714899997529, 12.659091702216697, 11.753783767268237, 9.980132280992727, 9.5187496655671, 9.612247240883706, 9.541540389501291, 9.38818925854152, 9.30372295891355, 9.26086314185508, 9.212186228160942, 9.157413268915917, 9.106304628941194, 9.058560705319305, 9.011213739127598, 8.96387008268199, 8.917105365997111, 8.870989718290591, 8.825346691840359], "grad_history_1": [-5130.130592137828, -6522.69958640473, -4976.980175673446, 264.4218768389881, 3228.814091279843, 2507.7156601272504, 770.5960786840727, -294.33834227712686, -669.8362499965237, -523.0367305837186, -194.4974737717191, 62.6093672986111, 163.38934976496157, 139.0552714224677, 63.9488199237582, -1.1247752600320582, -30.601717367385582, -28.46492210675982, -11.600522928572467, 4.656301751995809, 12.971693699896019, 13.424183901112382, 9.732745955607994, 5.684874151352706, 3.33244217173367, 2.906299355382872, 3.6239914404063387, 4.563974191665588, 5.164426875225954, 5.303465859791367], "grad_history_2": [-1404.7460959485718, -2354.628588508166, -2417.058612853526, 71.41501527021147, 654.9722264945859, 557.9379560772874, 224.13300567230033, -128.3062933054924, -275.813209641725, -214.73893057187533, -87.73117550568898, 4.097088772946493, 38.08921162849249, 30.04146354334988, 4.809615621216451, -17.459188073287027, -27.60820295004816, -26.755342644275686, -20.798696613500194, -15.098047869578275, -12.159294862709611, -11.923540034270822, -13.105463302953938, -14.407886280105412, -15.129443247490332, -15.192550160929375, -14.866281205128987, -14.465888814284284, -14.182539144123309, -14.056951399230822], "experimental_currents": [-3.05e-08, -5.52e-08, -1.02e-07, -2.38e-07], "optimizer_name": "sgd"}