{"epochs": 30, "logdimkeq_initial": -3.0845719009965764, "logdimKf_initial": 4.846049096637396, "lr_initial": 0.0001, "lr_effective": 0.0001, "logdimKeq_guess_history": [-4.61882482892012, -5.053204471289591, -4.788532773250596, -4.355314070540521, -4.10745759642787, -4.097122710185454, -4.2175632120712345, -4.343951417919266, -4.414097828499436, -4.424205888833272, -4.40079076264113, -4.372924709103125, -4.356983786661178, -4.3552794823531364, -4.362097582652036, -4.370491265279968, -4.376226319771463, -4.3784424044273935, -4.378373667101412, -4.3777138637402615, -4.377583129173374, -4.378285788921791, -4.379576267690473, -4.381051325431496, -4.3824195256215885, -4.383582514644869, -4.3845844693966605, -4.385519860615599, -4.386463918498944, -4.38744706029169], "logdimKf_guess_history": [4.637698937648306, 4.732833106152594, 5.056652334410462, 5.374575563314878, 5.548525696535181, 5.603170807547715, 5.596036841246144, 5.573149189884297, 5.561161147975261, 5.5662172836692125, 5.581070744050461, 5.5961626881443705, 5.606233328940658, 5.610889601528326, 5.612348543396326, 5.613125458435462, 5.614747825034486, 5.617547747236733, 5.621110129720799, 5.624850975475131, 5.628384242770523, 5.631607130199458, 5.63460671283804, 5.637523673410207, 5.640459343593859, 5.64344798636797, 5.646474534676463, 5.6495065861756135, 5.65251842592466, 5.655499786187833], "loss_history": [5445.615054232047, 1200.1175750849852, 2743.2928826207917, 992.036186428613, 25.771628497148807, 145.44922524690094, 176.08326190322688, 59.35967818236157, 11.156643131677466, 18.10585018296799, 20.21555615181326, 13.510471714264204, 10.215436708204187, 10.447940354374987, 10.595788810127395, 10.170414695123501, 9.891744804128038, 9.84019777377965, 9.802341515175167, 9.728304661646188, 9.65915158507287, 9.604685941671072, 9.552853133441877, 9.499364932922525, 9.446379722114713, 9.394783479892759, 9.343931414898147, 9.293478539900242, 9.243517312979032, 9.194111512082014], "grad_history_1": [15342.529279235434, -3327.4682159230015, -4818.615192237314, -3008.8285369057708, -312.47122757613886, 1135.9335081390993, 1256.0794500698846, 661.6795490514141, 69.52307656154399, -249.65144956249912, -284.69156359059406, -161.58490441933313, -20.078956729448127, 62.66156912932397, 76.70252452920029, 49.84632478482091, 15.382131775289299, -6.514425898166711, -11.76779653946445, -6.25434698159873, 1.991671136873163, 7.6802703186103445, 9.391488944733764, 8.298183566823923, 6.306713195805534, 4.78888928233612, 4.2046024015219094, 4.344138430421187, 4.76362273876121, 5.1111285107368145], "grad_history_2": [2083.5015898908973, -1993.092479988327, -2762.5214400572413, -1560.1361477548294, -149.8851876809473, 323.29955597617743, 344.5652180783907, 193.20668211061204, 5.442162281125701, -110.50156648469664, -123.25392534272889, -76.65213903285326, -25.246687493332058, 3.790478104760484, 8.691944258342701, -0.47444105135835646, -12.339090794567573, -19.887389027345495, -21.624213829429532, -19.59654512298915, -16.62844418226224, -14.56253781238729, -13.881389241139331, -14.17169252876613, -14.771898975680969, -15.208076822842875, -15.322269214379867, -15.187773449046569, -14.958139994709688, -14.754403886502928], "experimental_currents": [-3.05e-08, -5.52e-08, -1.02e-07, -2.38e-07], "optimizer_name": "sgd"}