{"epochs": 30, "logdimkeq_initial": -6.098269684493175, "logdimKf_initial": 5.706667163372219, "lr_initial": 0.0001, "lr_effective": 0.0001, "logdimKeq_guess_history": [-5.287987778215157, -4.435613159949536, -4.0341130970057195, -4.033105154363957, -4.233237747863024, -4.440820175339192, -4.569262661091914, -4.606198504725472, -4.582079791474519, -4.538392518264715, -4.503748062630262, -4.488158623604359, -4.488637978218433, -4.497144206637164, -4.506395048991249, -4.5124286004328, -4.514560249300311, -4.514035530492445, -4.512560641402395, -4.511374610658938, -4.510977197979243, -4.5112957888824, -4.512001937201684, -4.512773198791938, -4.5134213418460964, -4.513901765028152, -4.514259789913614, -4.514567247851432, -4.514880012884265, -4.515223289695608], "logdimKf_guess_history": [5.833532355511878, 6.017225843489674, 6.103220233988769, 6.109916682396814, 6.077039460768249, 6.036738867244669, 6.010797178118457, 6.006427459242553, 6.017310879983964, 6.032554724239268, 6.044545966277437, 6.050867258821088, 6.052583899692788, 6.052000144012537, 6.051143500537411, 6.051120743602773, 6.0521375469926655, 6.053864242618976, 6.055840051258912, 6.057729886891247, 6.059399500520759, 6.060869708217281, 6.0622301734250845, 6.063568516490843, 6.064935809711205, 6.06634416059461, 6.067781342375443, 6.069227980646392, 6.070669028742431, 6.0720977304973545], "loss_history": [7366.651460000483, 1691.700521380515, 12.854734081032776, 465.3059609733065, 469.75212483169986, 155.1835217242286, 12.706238440005698, 14.377433530056575, 27.741847827544667, 17.553249496704026, 6.794693957590079, 4.607028851418741, 5.423372604735822, 5.408499501095627, 4.83842332174114, 4.541332532492301, 4.525689478932246, 4.540654589330697, 4.513178983219033, 4.481032019667713, 4.464164105950155, 4.45422796458716, 4.4432647295413235, 4.431126851601814, 4.419425599773327, 4.408341353345121, 4.397418059163373, 4.386478354034709, 4.375578417728661, 4.364763484703807], "grad_history_1": [-8102.8190627801805, -4472.336651266117, 246.87246188993444, 1997.4208883014614, 2006.3656481994797, 1075.1613072663426, 246.51272014638013, -272.85399242802686, -425.86635067731925, -316.2791658432815, -128.00819029550877, 17.327887913234562, 82.7407412702567, 82.66551111693983, 49.97728144719598, 14.081302645090656, -8.851268532644719, -15.90543241621896, -12.125296861172346, -4.4858619843179, 1.9560269203424347, 5.172972430036785, 5.468528677057355, 4.18187430611954, 2.6251225903149225, 1.5635165497595407, 1.1781329443422357, 1.2844549508808023, 1.5903606392359788, 1.868942949259353], "grad_history_2": [-1268.6519213965798, -1202.608919079674, 58.523534898037674, 363.00746841502735, 362.2544583258693, 238.619827092982, 57.91392364421438, -86.01125687202003, -130.68280179362992, -98.02133884597824, -43.69319910517028, -3.256715245668638, 14.440054001260211, 14.420761161014491, 5.647656349999073, -4.055648029250893, -10.28181857211143, -12.182939313644265, -11.124608267800474, -9.019313123671948, -7.2469581334488415, -6.354008817655065, -6.2536135954331105, -6.581104618563621, -6.981216874823924, -7.24704273224241, -7.33006339130969, -7.280473805329818, -7.177289605643198, -7.0817770690374795], "experimental_currents": [-3.05e-08, -5.52e-08, -1.02e-07, -2.38e-07], "optimizer_name": "sgd"}