{"epochs": 30, "logdimkeq_initial": -4.579746407176451, "logdimKf_initial": 7.303988507437305, "lr_initial": 0.0001, "lr_effective": 0.0001, "logdimKeq_guess_history": [-4.627154483823524, -4.683390178834974, -4.725276416983248, -4.7450104494250605, -4.746266801315375, -4.73780904591221, -4.727708070053288, -4.720565453538418, -4.717539393317269, -4.71768239638561, -4.7193618803718635, -4.721200039283722, -4.722448218281954, -4.722947114568764, -4.722892019432509, -4.722584359506035, -4.722267695540765, -4.722067119795551, -4.722002416721307, -4.722033575913655, -4.722105337323394, -4.722175208464052, -4.722222567057553, -4.7222454002648275, -4.722251715082947, -4.722251583713025, -4.722252379694403, -4.7222575028988825, -4.722267035478044, -4.722279389393135], "logdimKf_guess_history": [7.299841782368656, 7.294914785549156, 7.2912736637484805, 7.289625462039169, 7.2896394695467, 7.290527094788253, 7.291562726584448, 7.2923322884091295, 7.292731307791675, 7.292845011114265, 7.292820376153779, 7.292781459152421, 7.2927956607621685, 7.292877285691373, 7.293008750943475, 7.293162915767618, 7.293317849304969, 7.293462309440388, 7.29359452786638, 7.293718075934694, 7.293837930979134, 7.293957918481911, 7.294079889971678, 7.294204038573291, 7.2943296374382465, 7.294455800386432, 7.2945818364175, 7.294707447190515, 7.294832645930789, 7.294957567185792], "loss_history": [35.92827975051449, 16.804877013581553, 3.6214579467247767, 0.9393350760323962, 1.9126659627665932, 2.023701194037457, 1.3849308671607692, 0.9788460297782284, 0.9227589758394568, 0.9562267757193285, 0.9539872287004716, 0.9320809095402705, 0.9198793860082604, 0.9185954416252742, 0.9196033422169165, 0.9193262346511433, 0.9185085334857226, 0.9180767833282046, 0.9179818814273325, 0.917935407853673, 0.9178417067974101, 0.9177330143337072, 0.9176528600319942, 0.9175706511011539, 0.9174954423869071, 0.9174118755926182, 0.9173346135195246, 0.917252504483543, 0.9171759814761983, 0.9171016979116309], "grad_history_1": [474.0807664707329, 325.3165668791264, 137.68390642549915, -12.090866323244374, -86.10664330591337, -90.85931348322806, -58.72098157339353, -20.92128585408866, 5.452480362859961, 16.560331789151007, 16.079824520835736, 9.98416918731078, 3.2909954230371623, -1.2519321230678762, -3.0454327965975065, -2.801123583461099, -1.6283400203343577, -0.4224376257843333, 0.35584798362464604, 0.6351072947036437, 0.561818135648911, 0.33990435788397794, 0.12423023172064177, -0.00846089476336484, -0.05101785518378814, -0.0328877898101138, 0.008616663393904482, 0.04725213790030577, 0.06970976921715905, 0.07587625510567214], "grad_history_2": [41.467250686489294, 28.536342851759397, 11.776233909254925, -1.723591910260527, -8.381083621873655, -8.806214877862152, -5.918191754189964, -2.5174592658444324, -0.14238470203970183, 0.8580636868249332, 0.8148662178059312, 0.2659952111529091, -0.33660110426642953, -0.745241243303045, -0.906527875000985, -0.8843219809148593, -0.7785112527903222, -0.6699336674442006, -0.5998835828183804, -0.5743885531881274, -0.5808101028180945, -0.6005998055713266, -0.6197773837896737, -0.6316285672922597, -0.6352456414906991, -0.6336351570738314, -0.6295455697475544, -0.6259275748167843, -0.6239335376724837, -0.6232188486547958], "experimental_currents": [-3.05e-08, -5.52e-08, -1.02e-07, -2.38e-07], "optimizer_name": "sgd"}