{"epochs": 30, "logdimkeq_initial": -3.0692578708645195, "logdimKf_initial": 6.293127339941893, "lr_initial": 0.0001, "lr_effective": 0.0001, "logdimKeq_guess_history": [-4.762487531510555, -5.525495891272458, -5.315858405572792, -4.7889183591005136, -4.449184398197364, -4.336380657628763, -4.376091676880029, -4.4785988265768095, -4.5777030376394094, -4.640281466650847, -4.6611853554490414, -4.653139061428824, -4.633874709706279, -4.616564433157366, -4.6068930178551515, -4.604730889250629, -4.607179058667551, -4.611061837722298, -4.614249924072993, -4.61593520779335, -4.616277914777441, -4.615864579924139, -4.615273845814756, -4.6148617123004, -4.614738567957217, -4.614850506233754, -4.615081889875858, -4.615329809149985, -4.615536492560367, -4.615688524313258], "logdimKf_guess_history": [6.233505774371403, 6.224349718845523, 6.314006972007979, 6.431953910720815, 6.50674299374364, 6.5340104966724075, 6.5318065584896505, 6.5167515109057295, 6.500749143499178, 6.490575611744956, 6.487835723740643, 6.490404042381626, 6.494981881405837, 6.499081843398496, 6.501648984303165, 6.50273878443683, 6.502925710503363, 6.502827979622311, 6.502858719875572, 6.503175440386415, 6.5037484472178155, 6.504465442777467, 6.505215413411612, 6.505930108556469, 6.506588452220948, 6.507200860617258, 6.507789560493023, 6.508374300842385, 6.5089661550591975, 6.509567691286319], "loss_history": [7506.125502549464, 86.48640911912044, 2495.671606501746, 1356.1585674255114, 71.62975317394908, 50.25428213936537, 140.16676711510115, 104.35144607656213, 35.755217265844195, 4.553540936481141, 3.658834779297039, 6.76046758697882, 5.310440007107243, 2.988738168616747, 2.1903691696590752, 2.266677392348214, 2.336744621358518, 2.2615089448821224, 2.18561827009066, 2.164224492034457, 2.1665341047421416, 2.165969775729585, 2.1610193839574534, 2.15680007935197, 2.1544412240473108, 2.152675407981798, 2.1507484591640313, 2.148705873458189, 2.1467158573492275, 2.14478943474119], "grad_history_1": [16932.29660646035, -836.0647056111493, -5911.416655806177, -4221.213036224452, -762.6393766701063, 570.6323988297424, 961.1288953556651, 826.5164007114772, 478.5063621420976, 130.26323480137492, -103.85325707523693, -184.98238419315226, -152.41204712436058, -76.7810068764005, -10.162770277588573, 26.735790465849135, 35.29233719183936, 26.586943462858, 12.466968233216589, 0.9124054500928526, -4.99934876087831, -5.846883453472475, -3.8406668273220266, -1.1676645966426007, 0.8292241399478563, 1.735104481282862, 1.7541450383590633, 1.3222745307513355, 0.8272377331846185, 0.48690047699578065], "grad_history_2": [596.2156557049054, -206.54727259365043, -942.3528092539594, -731.1831213160854, -158.1561366640701, 101.27038582645588, 158.37689647140795, 139.5307849254267, 84.74843614591477, 21.723480509461865, -23.468778727980627, -39.38262643139216, -32.93679703719677, -18.110424805538045, -5.17159908338517, 1.9377031866827548, 3.5797400030020414, 1.9119391431825574, -0.7960569378748387, -3.013503842117086, -4.146465759792211, -4.304921439513024, -3.9147285431993035, -3.3970982778398846, -3.0099609204993127, -2.8323656407171955, -2.8249567760965935, -2.903904114787348, -2.9948404213262343, -3.056091187152556], "experimental_currents": [-3.05e-08, -5.52e-08, -1.02e-07, -2.38e-07], "optimizer_name": "sgd"}