{"epochs": 30, "logdimkeq_initial": -6.3705742137077666, "logdimKf_initial": 2.949783529439949, "lr_initial": 0.0001, "lr_effective": 0.0001, "logdimKeq_guess_history": [-6.11212823862064, -5.651375019867908, -4.94670874389945, -4.038257912435229, -3.5355998977096146, -3.807942891835355, -4.174026067544338, -4.329884421851732, -4.299516926367488, -4.204627994747662, -4.141509778767354, -4.137487477217972, -4.1683386985137485, -4.199723552428173, -4.214224788099899, -4.213358786333409, -4.207007495831969, -4.203304334813621, -4.2046724584574005, -4.209258098928286, -4.214201626071856, -4.217852781375592, -4.220138892562492, -4.221811220002286, -4.223588022335769, -4.225751003094727, -4.228201488889642, -4.230710132149376, -4.2331161704556, -4.235385977658519], "logdimKf_guess_history": [3.130017755184165, 3.455453406789563, 3.961101037590118, 4.604506173364124, 4.955914267729372, 5.012203118909103, 4.972893162861919, 4.969806107825886, 5.0242614613154934, 5.092249902162059, 5.136855395256724, 5.152124778346911, 5.150683763377146, 5.147330605171953, 5.1498724448049025, 5.15819143974358, 5.168441158732592, 5.177398710989817, 5.184155537175798, 5.189506207071308, 5.194626652081009, 5.200194707300282, 5.206246040894194, 5.212480555730549, 5.2186108357353085, 5.22452541646623, 5.230265495398915, 5.235924254089299, 5.241567039111932, 5.247208140123419], "loss_history": [14521.931455573385, 13388.466984788041, 10588.584577609552, 4800.278630462444, 69.60822864282036, 1322.1993875706162, 382.9778674353123, 36.310375656698334, 144.10069927954373, 89.27637853818864, 26.71783952816195, 29.691003959289517, 32.13661992305317, 24.532900939259562, 22.252157673663476, 22.784937632540256, 22.177792747573758, 21.46507192209017, 21.241498239836453, 21.049207497605593, 20.780813995014455, 20.54656243946223, 20.341925990235655, 20.134666954842316, 19.92843191815939, 19.729065351829227, 19.53391586106695, 19.341513318254727, 19.152463967080237, 18.96684279887409], "grad_history_1": [-2584.459750871266, -3315.30231209169, -4742.896665920918, -5561.176934799916, -484.325989935043, 5236.720014885478, 2299.1167864611266, -271.8323354709725, -1082.9667263794136, -797.0518387770397, -156.7375017039577, 275.3680644077226, 328.6237207046804, 159.59243266536137, -11.91191285486629, -81.16619602352402, -59.18289618195095, -5.275157676274096, 32.19704152952581, 39.01578648996309, 26.507069081268376, 11.793917319518073, 4.605335350308472, 5.292718463448428, 9.406386135855815, 12.745795922168261, 13.689954154356744, 12.834003622767689, 11.51716676356257, 10.667880498081708], "grad_history_2": [-1802.3422574421616, -2353.1853873328973, -3429.2980499785613, -3905.813203737282, -297.0552647824523, 1194.1519600289223, 674.543816370505, -165.67922987559703, -559.9888100762323, -407.60764101761754, -106.11272671383078, 70.33363457145715, 90.75706514858197, 26.326507203112534, -42.184187355465276, -70.48075122202812, -60.9022151967356, -38.32692762719344, -22.780500573672743, -19.72256802520155, -24.451100619457893, -30.078327144225568, -32.67305984275704, -32.088480393986956, -30.1302258658207, -28.49440728542307, -27.827885672236622, -27.887192240418926, -28.134056774417257, -28.197085001704234], "experimental_currents": [-3.05e-08, -5.52e-08, -1.02e-07, -2.38e-07], "optimizer_name": "sgd"}