{"epochs": 30, "logdimkeq_initial": -5.006308041710286, "logdimKf_initial": 6.736802167220535, "lr_initial": 0.0001, "lr_effective": 0.0001, "logdimKeq_guess_history": [-4.840969978475, -4.683365107893135, -4.596808714079592, -4.57697443964821, -4.597263954530361, -4.630725182942776, -4.659093681019809, -4.67467149460455, -4.678085258541313, -4.674153022180475, -4.668045817670533, -4.663151638055585, -4.660698266293822, -4.660389959345737, -4.661286723148649, -4.662474384425744, -4.663388118573675, -4.663846170906309, -4.663925896713286, -4.663805834480762, -4.663649142814746, -4.663550900620332, -4.663537013268953, -4.663589206873889, -4.663673915289425, -4.663762315223965, -4.663838615387901, -4.663899361822084, -4.663948585207328, -4.663992510822447], "logdimKf_guess_history": [6.760364860177741, 6.7834438778834585, 6.796318982420251, 6.799490957568699, 6.796844814717653, 6.792276149538594, 6.788447580890933, 6.7865035743631275, 6.786360347377436, 6.787305641456134, 6.78857150146504, 6.789654905556388, 6.790374319730523, 6.790774418480125, 6.7909951198416625, 6.791172240062058, 6.791389643099148, 6.791674316920283, 6.792014804738565, 6.792384630096878, 6.792759633200562, 6.793125723830421, 6.793479085026367, 6.7938224150891795, 6.794160684233704, 6.794498168920384, 6.7948371951333355, 6.795178269538371, 6.795520803843056, 6.795863876303019], "loss_history": [266.35625835811385, 66.80356954593385, 2.3006203757980845, 9.44747517130969, 14.88911736604808, 9.358152799083317, 3.388929882128824, 1.5020898049872178, 1.7405893478929135, 1.9128251980413604, 1.7120077585630367, 1.5215741503651374, 1.4730282021026302, 1.4834374097842877, 1.4863515980869269, 1.4782276144432283, 1.471763605026975, 1.4699664175619336, 1.4697725192900868, 1.4692175292965106, 1.4683447140873835, 1.467560506048799, 1.466928508511035, 1.4663416635231372, 1.4657382692284289, 1.4651265663851363, 1.464522051605945, 1.463919838113633, 1.4633208601758436, 1.4627262751421148], "grad_history_1": [-1653.3806323528574, -749.3583896422284, -77.53958522609236, 234.43922475389462, 302.06652097841794, 233.16470971338805, 116.3788387082598, 13.93564546224468, -43.75142855607253, -56.3911832921955, -41.410863295225006, -18.40577359977238, -0.06281954289255347, 9.18378932797786, 10.509172769538104, 7.392793756393073, 3.199035093829189, 0.011852586686201417, -1.4930035934045587, -1.5992513601175533, -0.9666054975381813, -0.19896361406103613, 0.3523374582809003, 0.5913728062540399, 0.586116130680464, 0.46045726772458007, 0.32100196665098685, 0.22596352215965754, 0.1885016815247832, 0.1931392249646384], "grad_history_2": [-235.62692957205476, -112.97671227114762, -13.355956839342218, 32.655771199488804, 42.32130425269782, 32.45593753535086, 15.442360581316432, 0.29722203975808464, -8.287762782119895, -10.169075715437971, -7.932129695571635, -4.504740868944128, -1.777121284616854, -0.40391662534610334, -0.20651986736084918, -0.6676953962706285, -1.2884292689251424, -1.7597230259069236, -1.9815090771343362, -1.9958144917220857, -1.9009042452810396, -1.7858907801672474, -1.7031588101653437, -1.6664946483932375, -1.666041131181978, -1.6835011441822432, -1.7028386961093613, -1.7156129855980664, -1.719971021668596, -1.718053076206327], "experimental_currents": [-3.05e-08, -5.52e-08, -1.02e-07, -2.38e-07], "optimizer_name": "sgd"}