{"epochs": 30, "logdimkeq_initial": -3.0933206214955784, "logdimKf_initial": 6.40342220660399, "lr_initial": 0.0001, "lr_effective": 0.0001, "logdimKeq_guess_history": [-4.706724613030266, -5.465479250311841, -5.305271747846336, -4.818926070215393, -4.492464622023139, -4.3759058592598485, -4.403684621850663, -4.494499425939132, -4.586549109954276, -4.647290305648259, -4.669924165019775, -4.66478768318257, -4.647838315410709, -4.631592275432695, -4.62191091899078, -4.619176025105075, -4.620968953411713, -4.624396029545439, -4.627399441394327, -4.629104407354678, -4.6295573876117695, -4.629250544391569, -4.628714864437444, -4.6283014751128215, -4.628139893060127, -4.62820044737301, -4.628385065009342, -4.628598209636398, -4.628781368551186, -4.6289164631447575], "logdimKf_guess_history": [6.350726374645408, 6.335329261865293, 6.408960355460428, 6.510637891331572, 6.577426553035101, 6.602934079273367, 6.602026389553808, 6.589182506723539, 6.574952075585043, 6.565470679441606, 6.562419433839992, 6.56418215272068, 6.567968001521327, 6.571552128742917, 6.573903187074347, 6.574974388544153, 6.575215458880097, 6.575154843281438, 6.575166936471057, 6.575411268809839, 6.575880271585408, 6.576485434657522, 6.577131072708588, 6.577753928216472, 6.578330718421425, 6.578866848597163, 6.579380026662554, 6.579887475486295, 6.58039973342272, 6.580920049381482], "loss_history": [7170.229903195359, 31.70535152134508, 2058.7781560534854, 1246.8684621214516, 83.0509337572358, 34.16411143832761, 114.33420977044179, 91.58013105536048, 34.13729597579139, 5.014138378704657, 2.789429781987902, 5.59851593099412, 4.752097771066677, 2.7897090187599183, 1.9931486990926954, 2.0146328054272558, 2.088789239124765, 2.038344005179883, 1.9728239857898653, 1.9503758993939486, 1.9513333745451398, 1.9517614007866304, 1.94819883507333, 1.94470949151041, 1.9427406700745764, 1.9414114570805954, 1.9400008168104792, 1.9384739081143578, 1.936971372847668, 1.9355224279268612], "grad_history_1": [16134.039915346873, -479.47358485768535, -5395.848211062919, -4062.419263981914, -832.8860937678191, 466.7196133283696, 860.5814397245914, 769.2542279306283, 466.4228197090845, 147.16353686411423, -77.36738475475754, -164.5341152296257, -143.8112685325804, -77.71356092084353, -15.583364529071163, 21.05784335251947, 31.60375249490609, 25.306119804073774, 12.898737820243499, 2.032600359072166, -3.9950272308348183, -5.333333487468862, -3.822583440248239, -1.4554934755983189, 0.4511260961673739, 1.413453392299616, 1.543404798904264, 1.208358088905301, 0.7658660125961165, 0.4351513617793432], "grad_history_2": [526.9583195858174, -109.50803199175675, -813.2964998519241, -648.6198907357683, -159.49893767956812, 78.86804613498698, 136.61452838691133, 123.90037970490482, 78.08489723361492, 23.661805741889566, -16.89452470104941, -32.88341681495341, -29.04489360302027, -16.912028212671963, -5.589947206342941, 1.043276959080342, 2.9453039896056326, 1.8115076662990655, -0.4240098894910114, -2.3828574397163687, -3.46836606178429, -3.7066168432935047, -3.4305651500859407, -3.0003648235124194, -2.6536245101035534, -2.4773507326147626, -2.451129775224896, -2.508597910449424, -2.585335245540493, -2.6418699054961263], "experimental_currents": [-3.05e-08, -5.52e-08, -1.02e-07, -2.38e-07], "optimizer_name": "sgd"}