{"epochs": 30, "logdimkeq_initial": -4.707950729232926, "logdimKf_initial": 3.196070189181757, "lr_initial": 0.0001, "lr_effective": 0.0001, "logdimKeq_guess_history": [-4.112873073325132, -3.3606311886462503, -3.544847330897001, -3.9121575401376925, -3.961931101219863, -3.8381655828158046, -3.7687438555959325, -3.816738081785678, -3.882536694873937, -3.9001113338330673, -3.8851246289161865, -3.8759214275044123, -3.885638120615875, -3.902134780445585, -3.9128087259787323, -3.9168665482343585, -3.9199388339111927, -3.925589378760537, -3.933109147974414, -3.9403599781300827, -3.946444390010875, -3.951871185425765, -3.9573851220001255, -3.963195071826569, -3.969069208548784, -3.9747627004615853, -3.980235304999464, -3.985582208646338, -3.990886248467279, -3.9961567318834676], "logdimKf_guess_history": [3.6045393992184143, 4.078320767824042, 4.16157851492033, 4.1194426986477595, 4.174439466895994, 4.286009655168716, 4.355788046267579, 4.36747031649015, 4.3657891338127, 4.3815664147973115, 4.409709704036368, 4.4339767974952, 4.449201071021625, 4.460886569011939, 4.474629871643328, 4.4908745238886265, 4.5072064671804, 4.52210132390144, 4.535888258656461, 4.5495110706156305, 4.5633714248430515, 4.577256146124327, 4.590848049167238, 4.604063084813834, 4.617008706414017, 4.629797652650094, 4.642453303809497, 4.654939865697305, 4.667226752044619, 4.679315196687789], "loss_history": [6543.705006766549, 1716.0112685316867, 1046.40658223825, 391.9587403641758, 208.0263758550032, 234.35247823758232, 81.60508998584285, 110.74078098660627, 82.79647452596126, 74.48246081731193, 75.01313520738617, 68.82539650890654, 67.79820564519437, 65.99208855095652, 64.13603246724404, 62.88839084836032, 61.465230659928835, 60.16641473498008, 58.94430865810063, 57.7357078954044, 56.581547743101, 55.46374294726257, 54.378625986955086, 53.32912527824794, 52.31126234028032, 51.324025065370385, 50.36656341670991, 49.43737841508664, 48.53544202677242, 47.65973308484761], "grad_history_1": [-5950.776559077934, -4547.030567249851, 5603.370845901918, 2752.0213811531576, -1338.8154353817508, -1486.5229894514396, -75.38968017842569, 827.0508979968151, 418.01499993386017, -153.24667584998934, -237.74024396445986, -17.09848953333774, 143.18293817349846, 116.38313273978221, 24.256156182927644, -12.791505109477319, 10.433745490209052, 41.144020109275694, 46.94496789204825, 34.909455487298736, 24.58996802958231, 23.84589474493561, 28.005388669154843, 30.529815392631907, 29.691618089937453, 27.564235516932253, 26.258585814779067, 26.106013779348135, 26.305879975040025, 26.184635057181612], "grad_history_2": [-4084.692100366573, -2695.467635872995, 1536.3293720652598, 837.6468982071485, -760.6467638452068, -840.7180414860352, -139.93296962502473, 232.06925326860195, 75.22317788735201, -166.17872323336195, -202.54648746751147, -101.95448839303707, -30.90726797009274, -40.733612271011566, -79.00553636232637, -93.73000929603174, -82.09617169124765, -67.28885075152537, -63.39506394500747, -67.29344581659932, -70.48948247835841, -69.54544167565415, -66.4954240227268, -64.1908412514107, -63.381037768845154, -63.161354359849696, -62.61178041365032, -61.58736308105562, -60.43605403410495, -59.450014695123954], "experimental_currents": [-3.05e-08, -5.52e-08, -1.02e-07, -2.38e-07], "optimizer_name": "sgd"}