{"epochs": 30, "logdimkeq_initial": -4.769551078621726, "logdimKf_initial": 6.469822015978163, "lr_initial": 0.0001, "lr_effective": 0.0001, "logdimKeq_guess_history": [-4.705218800235783, -4.636867464037218, -4.594026684290278, -4.580176308916784, -4.585958766373938, -4.599485797099677, -4.611934995829721, -4.619237397332647, -4.6212559389894965, -4.619912394013036, -4.617442007033396, -4.615387347184214, -4.614360223133542, -4.614277840456804, -4.614742699585506, -4.615349933497648, -4.615843366151844, -4.616137627585218, -4.6162650101014115, -4.616304460100866, -4.616328502633889, -4.616379134440591, -4.616467252224504, -4.6165841083026455, -4.6167144284815205, -4.616845427572996, -4.6169704006090235, -4.617088177405276, -4.617200806366504, -4.617311186215657], "logdimKf_guess_history": [6.482813310298564, 6.496727035146784, 6.505682720964303, 6.509031480550394, 6.508605630131209, 6.506683792240231, 6.504953223104138, 6.504198942544108, 6.504453060687286, 6.505349375461878, 6.506459563122489, 6.507488078961288, 6.508318161296827, 6.508966137404806, 6.509508393815021, 6.510022536521459, 6.510557620165634, 6.511129974742222, 6.511733430864858, 6.512352913152066, 6.512974565070496, 6.513590375052992, 6.514198276300165, 6.514799939451903, 6.515398281749823, 6.515995739322444, 6.5165935868008384, 6.5171920477170735, 6.517790737178001, 6.518389103657419], "loss_history": [52.57522161244413, 19.05022381190418, 3.2000449011655285, 2.9530857261496726, 4.412232608535078, 3.729160994502267, 2.600731359145721, 2.1734444441822074, 2.1963822054882653, 2.234823727384702, 2.200521807743908, 2.161889201334245, 2.1494179633402597, 2.1493558126312586, 2.148279464481058, 2.1449823801968746, 2.141928877405528, 2.139784911450976, 2.137961611244907, 2.1360740649194137, 2.134127664152534, 2.1322047146573477, 2.13031612108259, 2.1284400178502265, 2.126564643669819, 2.1246941172721083, 2.1228243860845346, 2.1209638192012576, 2.119108647734753, 2.117255880680762], "grad_history_1": [-643.3227838594258, -361.8519700559362, -86.65111647657443, 75.70014499976028, 127.0764514390068, 106.35801997162339, 56.8568336717335, 10.778021379050411, -16.326590946134527, -23.52815804885826, -17.98614491409695, -8.194663593614274, 0.0020587391873927415, 4.311793485976768, 5.060504670709446, 3.7480434779211387, 1.8981569812418364, 0.4754510627606013, -0.1974820049351919, -0.24241258642419117, 0.043175332957828716, 0.38610540190495796, 0.6280188056145812, 0.727971861858756, 0.718921398043175, 0.6583900203789578, 0.5947349028932312, 0.5529027823882436, 0.5374056310115003, 0.5406536853940788], "grad_history_2": [-129.9129432040041, -74.18077688020206, -19.988233934082693, 11.290833226675478, 21.00230212231299, 17.089126813843347, 7.696501906044862, -1.1100400801627457, -6.312584231927352, -7.69255703002949, -6.620302733142733, -4.73422008493621, -3.1582441613999093, -2.3293494020963452, -2.1826835622572367, -2.4301450132979325, -2.7801229095685716, -3.048127545005004, -3.1727883434127078, -3.177542258899698, -3.1191077482666776, -3.049840232806618, -2.9999625592540795, -2.9771252815048066, -2.9751072205113593, -2.9828642366129983, -2.9911869208324253, -2.9953717703800873, -2.9945900281029276, -2.990217489538839], "experimental_currents": [-3.05e-08, -5.52e-08, -1.02e-07, -2.38e-07], "optimizer_name": "sgd"}